Entity,Code,Year,Indicator:Incidence of tuberculosis (per 100 000 population) (HIV-positive cases)
Afghanistan,AFG,2000,0.03
Afghanistan,AFG,2001,0.03
Afghanistan,AFG,2002,0.03
Afghanistan,AFG,2003,0.03
Afghanistan,AFG,2004,0.03
Afghanistan,AFG,2005,0.03
Afghanistan,AFG,2006,0.03
Afghanistan,AFG,2007,0.04
Afghanistan,AFG,2008,0.04
Afghanistan,AFG,2009,0.04
Afghanistan,AFG,2010,0.05
Afghanistan,AFG,2011,0.05
Afghanistan,AFG,2012,0.05
Afghanistan,AFG,2013,0.05
Afghanistan,AFG,2014,0.05
Afghanistan,AFG,2015,0.05
Afghanistan,AFG,2016,0.05
Afghanistan,AFG,2017,0.05
Afghanistan,AFG,2018,0.05
Afghanistan,AFG,2019,0.05
Afghanistan,AFG,2020,0.03
Africa,,2000,174
Africa,,2001,165
Africa,,2002,160
Africa,,2003,158
Africa,,2004,157
Africa,,2005,158
Africa,,2006,161
Africa,,2007,151
Africa,,2008,148
Africa,,2009,144
Africa,,2010,134
Africa,,2011,124
Africa,,2012,115
Africa,,2013,105
Africa,,2014,97
Africa,,2015,86
Africa,,2016,76
Africa,,2017,69
Africa,,2018,61
Africa,,2019,55
Africa,,2020,52
Albania,ALB,2000,0.03
Albania,ALB,2001,0.03
Albania,ALB,2002,0.03
Albania,ALB,2003,0.04
Albania,ALB,2004,0.04
Albania,ALB,2005,0.05
Albania,ALB,2006,0.06
Albania,ALB,2007,0.07
Albania,ALB,2008,0.08
Albania,ALB,2009,0.1
Albania,ALB,2010,0.11
Albania,ALB,2011,0.13
Albania,ALB,2012,0.14
Albania,ALB,2013,0.17
Albania,ALB,2014,0.15
Albania,ALB,2015,0.16
Albania,ALB,2016,0.16
Albania,ALB,2017,0.2
Albania,ALB,2018,0.17
Albania,ALB,2019,0.36
Albania,ALB,2020,0.15
Algeria,DZA,2000,0.24
Algeria,DZA,2001,0.21
Algeria,DZA,2002,0.13
Algeria,DZA,2003,0.21
Algeria,DZA,2004,0.23
Algeria,DZA,2005,0.27
Algeria,DZA,2006,0.3
Algeria,DZA,2007,0.34
Algeria,DZA,2008,0.34
Algeria,DZA,2009,0.39
Algeria,DZA,2010,0.42
Algeria,DZA,2011,0.43
Algeria,DZA,2012,0.47
Algeria,DZA,2013,0.46
Algeria,DZA,2014,0.51
Algeria,DZA,2015,0.55
Algeria,DZA,2016,0.54
Algeria,DZA,2017,0.55
Algeria,DZA,2018,0.57
Algeria,DZA,2019,0.51
Algeria,DZA,2020,0.5
Americas,,2000,4.8
Americas,,2001,4
Americas,,2002,3.6
Americas,,2003,3.3
Americas,,2004,3.1
Americas,,2005,3
Americas,,2006,3
Americas,,2007,2.9
Americas,,2008,2.9
Americas,,2009,2.5
Americas,,2010,3.2
Americas,,2011,3.4
Americas,,2012,3.5
Americas,,2013,3.4
Americas,,2014,3.2
Americas,,2015,3
Americas,,2016,3
Americas,,2017,2.9
Americas,,2018,2.9
Americas,,2019,2.9
Americas,,2020,2.8
Angola,AGO,2000,61
Angola,AGO,2001,58
Angola,AGO,2002,58
Angola,AGO,2003,60
Angola,AGO,2004,64
Angola,AGO,2005,73
Angola,AGO,2006,81
Angola,AGO,2007,34
Angola,AGO,2008,91
Angola,AGO,2009,35
Angola,AGO,2010,94
Angola,AGO,2011,54
Angola,AGO,2012,94
Angola,AGO,2013,90
Angola,AGO,2014,84
Angola,AGO,2015,78
Angola,AGO,2016,74
Angola,AGO,2017,69
Angola,AGO,2018,34
Angola,AGO,2019,27
Angola,AGO,2020,41
Antigua and Barbuda,ATG,2005,4.2
Antigua and Barbuda,ATG,2006,4.2
Antigua and Barbuda,ATG,2007,0
Antigua and Barbuda,ATG,2008,0
Antigua and Barbuda,ATG,2009,0
Antigua and Barbuda,ATG,2010,7.6
Antigua and Barbuda,ATG,2011,5.2
Antigua and Barbuda,ATG,2012,1.9
Antigua and Barbuda,ATG,2013,5.6
Antigua and Barbuda,ATG,2014,1.2
Antigua and Barbuda,ATG,2016,0
Antigua and Barbuda,ATG,2017,0
Antigua and Barbuda,ATG,2018,0
Antigua and Barbuda,ATG,2020,0
Argentina,ARG,2000,2.8
Argentina,ARG,2001,2.3
Argentina,ARG,2002,2.1
Argentina,ARG,2003,1.8
Argentina,ARG,2004,1.9
Argentina,ARG,2005,1.9
Argentina,ARG,2006,1.9
Argentina,ARG,2007,2.1
Argentina,ARG,2008,1.9
Argentina,ARG,2009,1.6
Argentina,ARG,2010,1.6
Argentina,ARG,2011,2.1
Argentina,ARG,2012,1.9
Argentina,ARG,2013,1.9
Argentina,ARG,2014,1.8
Argentina,ARG,2015,1.8
Argentina,ARG,2016,1.9
Argentina,ARG,2017,1.7
Argentina,ARG,2018,1.7
Argentina,ARG,2019,1.8
Argentina,ARG,2020,1.8
Armenia,ARM,2000,0.88
Armenia,ARM,2001,1
Armenia,ARM,2002,1.2
Armenia,ARM,2003,1.5
Armenia,ARM,2004,1.8
Armenia,ARM,2005,2.9
Armenia,ARM,2006,2.6
Armenia,ARM,2007,2.8
Armenia,ARM,2008,2.9
Armenia,ARM,2009,2.7
Armenia,ARM,2010,0.84
Armenia,ARM,2011,1.8
Armenia,ARM,2012,2.7
Armenia,ARM,2013,2.8
Armenia,ARM,2014,3.6
Armenia,ARM,2015,4.5
Armenia,ARM,2016,2.4
Armenia,ARM,2017,2.8
Armenia,ARM,2018,3.2
Armenia,ARM,2019,2.8
Armenia,ARM,2020,2.4
Australia,AUS,2000,0.56
Australia,AUS,2001,0.48
Australia,AUS,2002,0.45
Australia,AUS,2003,0.37
Australia,AUS,2004,0.36
Australia,AUS,2005,0.29
Australia,AUS,2006,0.26
Australia,AUS,2007,0.21
Australia,AUS,2008,0.21
Australia,AUS,2009,0.21
Australia,AUS,2010,0.2
Australia,AUS,2011,0.19
Australia,AUS,2012,0.08
Australia,AUS,2013,0.16
Australia,AUS,2014,0.1
Australia,AUS,2015,0.13
Australia,AUS,2016,0.12
Australia,AUS,2017,0.14
Australia,AUS,2018,0.12
Australia,AUS,2019,0.1
Australia,AUS,2020,0.1
Austria,AUT,2000,0.98
Austria,AUT,2001,0.79
Austria,AUT,2002,0.75
Austria,AUT,2003,0.62
Austria,AUT,2004,0.53
Austria,AUT,2005,0.47
Austria,AUT,2006,0.37
Austria,AUT,2007,0.3
Austria,AUT,2008,0.27
Austria,AUT,2009,0.24
Austria,AUT,2010,0.24
Austria,AUT,2011,0.24
Austria,AUT,2012,0.21
Austria,AUT,2013,0.19
Austria,AUT,2014,0.16
Austria,AUT,2015,0.16
Austria,AUT,2016,0.17
Austria,AUT,2017,0.16
Austria,AUT,2018,0.13
Austria,AUT,2019,0.13
Austria,AUT,2020,0.11
Azerbaijan,AZE,2000,1.9
Azerbaijan,AZE,2001,1.7
Azerbaijan,AZE,2002,1.7
Azerbaijan,AZE,2003,1.3
Azerbaijan,AZE,2004,1.9
Azerbaijan,AZE,2005,2.2
Azerbaijan,AZE,2006,2.3
Azerbaijan,AZE,2007,2.3
Azerbaijan,AZE,2008,3.2
Azerbaijan,AZE,2009,3.9
Azerbaijan,AZE,2010,0.8
Azerbaijan,AZE,2011,0.6
Azerbaijan,AZE,2012,1.4
Azerbaijan,AZE,2013,1.2
Azerbaijan,AZE,2014,1.6
Azerbaijan,AZE,2015,1.1
Azerbaijan,AZE,2016,1.4
Azerbaijan,AZE,2017,1.1
Azerbaijan,AZE,2018,0.85
Azerbaijan,AZE,2019,0.94
Azerbaijan,AZE,2020,1.1
Bahamas,BHS,2000,20
Bahamas,BHS,2001,14
Bahamas,BHS,2002,9
Bahamas,BHS,2003,4.9
Bahamas,BHS,2004,8.9
Bahamas,BHS,2005,7.1
Bahamas,BHS,2006,11
Bahamas,BHS,2007,4
Bahamas,BHS,2008,6.2
Bahamas,BHS,2009,4.9
Bahamas,BHS,2010,4.9
Bahamas,BHS,2011,3.7
Bahamas,BHS,2012,2.5
Bahamas,BHS,2013,3.1
Bahamas,BHS,2014,3.6
Bahamas,BHS,2015,5.4
Bahamas,BHS,2016,11
Bahamas,BHS,2017,5.6
Bahamas,BHS,2018,3.1
Bahamas,BHS,2019,4.1
Bahamas,BHS,2020,1.8
Bahrain,BHR,2000,1.1
Bahrain,BHR,2001,0.87
Bahrain,BHR,2002,0.75
Bahrain,BHR,2003,0.85
Bahrain,BHR,2004,1.1
Bahrain,BHR,2005,0.56
Bahrain,BHR,2006,0.4
Bahrain,BHR,2007,1.1
Bahrain,BHR,2008,1
Bahrain,BHR,2009,0.99
Bahrain,BHR,2010,0.85
Bahrain,BHR,2011,0.96
Bahrain,BHR,2012,0.14
Bahrain,BHR,2013,0.12
Bahrain,BHR,2014,0.1
Bahrain,BHR,2015,0.09
Bahrain,BHR,2016,0.07
Bahrain,BHR,2017,0.07
Bahrain,BHR,2018,0.07
Bahrain,BHR,2019,0.85
Bahrain,BHR,2020,0.51
Bangladesh,BGD,2000,0.08
Bangladesh,BGD,2001,0.09
Bangladesh,BGD,2002,0.1
Bangladesh,BGD,2003,0.13
Bangladesh,BGD,2004,0.16
Bangladesh,BGD,2005,0.2
Bangladesh,BGD,2006,0.24
Bangladesh,BGD,2007,0.29
Bangladesh,BGD,2008,0.32
Bangladesh,BGD,2009,0.35
Bangladesh,BGD,2010,0.37
Bangladesh,BGD,2011,0.4
Bangladesh,BGD,2012,0.42
Bangladesh,BGD,2013,0.43
Bangladesh,BGD,2014,0.43
Bangladesh,BGD,2015,0.42
Bangladesh,BGD,2016,0.42
Bangladesh,BGD,2017,0.42
Bangladesh,BGD,2018,0.43
Bangladesh,BGD,2019,0.43
Bangladesh,BGD,2020,0.43
Barbados,BRB,2000,0.72
Barbados,BRB,2001,1.3
Barbados,BRB,2002,1
Barbados,BRB,2003,1.7
Barbados,BRB,2004,3.2
Barbados,BRB,2005,1.4
Barbados,BRB,2006,0.83
Barbados,BRB,2007,1.8
Barbados,BRB,2008,0.82
Barbados,BRB,2009,0
Barbados,BRB,2010,0.82
Barbados,BRB,2011,0
Barbados,BRB,2012,0.35
Barbados,BRB,2013,0.31
Barbados,BRB,2014,0.37
Barbados,BRB,2015,0
Barbados,BRB,2016,0.21
Barbados,BRB,2017,0
Barbados,BRB,2018,0.07
Barbados,BRB,2019,0
Barbados,BRB,2020,0.4
Belarus,BLR,2000,0.74
Belarus,BLR,2001,0.59
Belarus,BLR,2002,0.62
Belarus,BLR,2003,0.89
Belarus,BLR,2004,0.84
Belarus,BLR,2005,1.3
Belarus,BLR,2006,1.6
Belarus,BLR,2007,2.1
Belarus,BLR,2008,2
Belarus,BLR,2009,2.5
Belarus,BLR,2010,2.5
Belarus,BLR,2011,2.6
Belarus,BLR,2012,2.8
Belarus,BLR,2013,3.1
Belarus,BLR,2014,3.2
Belarus,BLR,2015,2.7
Belarus,BLR,2016,3.7
Belarus,BLR,2017,2.7
Belarus,BLR,2018,2.4
Belarus,BLR,2019,2.1
Belarus,BLR,2020,2.3
Belgium,BEL,2000,1
Belgium,BEL,2001,1.1
Belgium,BEL,2002,0.92
Belgium,BEL,2003,0.75
Belgium,BEL,2004,0.87
Belgium,BEL,2005,0.65
Belgium,BEL,2006,0.67
Belgium,BEL,2007,0.61
Belgium,BEL,2008,0.61
Belgium,BEL,2009,0.45
Belgium,BEL,2010,0.72
Belgium,BEL,2011,0.52
Belgium,BEL,2012,0.36
Belgium,BEL,2013,0.33
Belgium,BEL,2014,0.31
Belgium,BEL,2015,0.32
Belgium,BEL,2016,0.35
Belgium,BEL,2017,0.34
Belgium,BEL,2018,0.34
Belgium,BEL,2019,0.33
Belgium,BEL,2020,0.28
Belize,BLZ,2003,5.3
Belize,BLZ,2004,5.6
Belize,BLZ,2005,9.7
Belize,BLZ,2006,4
Belize,BLZ,2007,3.8
Belize,BLZ,2008,6.7
Belize,BLZ,2009,6.1
Belize,BLZ,2010,11
Belize,BLZ,2011,9.7
Belize,BLZ,2012,6.5
Belize,BLZ,2013,8.3
Belize,BLZ,2014,9.3
Belize,BLZ,2015,5
Belize,BLZ,2016,12
Belize,BLZ,2017,8.6
Belize,BLZ,2018,9.7
Belize,BLZ,2019,5.2
Belize,BLZ,2020,5.6
Benin,BEN,2000,25
Benin,BEN,2001,20
Benin,BEN,2002,17
Benin,BEN,2003,15
Benin,BEN,2004,14
Benin,BEN,2005,14
Benin,BEN,2006,11
Benin,BEN,2007,10
Benin,BEN,2008,12
Benin,BEN,2009,11
Benin,BEN,2010,11
Benin,BEN,2011,12
Benin,BEN,2012,10
Benin,BEN,2013,10
Benin,BEN,2014,10
Benin,BEN,2015,9.2
Benin,BEN,2016,8.7
Benin,BEN,2017,8.8
Benin,BEN,2018,8.2
Benin,BEN,2019,8.9
Benin,BEN,2020,7.8
Bhutan,BTN,2000,8.8
Bhutan,BTN,2001,7.4
Bhutan,BTN,2002,7.5
Bhutan,BTN,2003,7.1
Bhutan,BTN,2004,7.1
Bhutan,BTN,2005,7.9
Bhutan,BTN,2006,7.8
Bhutan,BTN,2007,9
Bhutan,BTN,2008,8.8
Bhutan,BTN,2009,10
Bhutan,BTN,2010,12
Bhutan,BTN,2011,11
Bhutan,BTN,2012,10
Bhutan,BTN,2013,9.1
Bhutan,BTN,2014,1.8
Bhutan,BTN,2015,1.5
Bhutan,BTN,2016,1
Bhutan,BTN,2017,0.84
Bhutan,BTN,2018,0.34
Bhutan,BTN,2019,0.51
Bhutan,BTN,2020,1.1
Bolivia,BOL,2000,8.6
Bolivia,BOL,2001,7
Bolivia,BOL,2002,5.9
Bolivia,BOL,2003,5.2
Bolivia,BOL,2004,4.9
Bolivia,BOL,2005,4.9
Bolivia,BOL,2006,5
Bolivia,BOL,2007,5.2
Bolivia,BOL,2008,5.1
Bolivia,BOL,2009,4.9
Bolivia,BOL,2010,4.7
Bolivia,BOL,2011,4.6
Bolivia,BOL,2012,4.1
Bolivia,BOL,2013,3.5
Bolivia,BOL,2014,5
Bolivia,BOL,2015,5.1
Bolivia,BOL,2016,4.6
Bolivia,BOL,2017,5
Bolivia,BOL,2018,5.4
Bolivia,BOL,2019,5.1
Bolivia,BOL,2020,4.3
Bosnia and Herzegovina,BIH,2000,0.07
Bosnia and Herzegovina,BIH,2001,0.06
Bosnia and Herzegovina,BIH,2002,0.04
Bosnia and Herzegovina,BIH,2003,0.04
Bosnia and Herzegovina,BIH,2004,0.06
Bosnia and Herzegovina,BIH,2005,0.06
Bosnia and Herzegovina,BIH,2006,0.06
Bosnia and Herzegovina,BIH,2007,0.09
Bosnia and Herzegovina,BIH,2008,0.07
Bosnia and Herzegovina,BIH,2009,0.08
Bosnia and Herzegovina,BIH,2010,0.06
Bosnia and Herzegovina,BIH,2011,0.07
Bosnia and Herzegovina,BIH,2012,0.08
Bosnia and Herzegovina,BIH,2013,0.08
Bosnia and Herzegovina,BIH,2014,0.08
Bosnia and Herzegovina,BIH,2015,0.07
Bosnia and Herzegovina,BIH,2016,0.06
Bosnia and Herzegovina,BIH,2017,0.06
Bosnia and Herzegovina,BIH,2018,0.05
Bosnia and Herzegovina,BIH,2019,0.06
Bosnia and Herzegovina,BIH,2020,0.05
Botswana,BWA,2000,725
Botswana,BWA,2001,703
Botswana,BWA,2002,676
Botswana,BWA,2003,644
Botswana,BWA,2004,610
Botswana,BWA,2005,574
Botswana,BWA,2006,542
Botswana,BWA,2007,432
Botswana,BWA,2008,404
Botswana,BWA,2009,362
Botswana,BWA,2010,338
Botswana,BWA,2011,303
Botswana,BWA,2012,265
Botswana,BWA,2013,250
Botswana,BWA,2014,230
Botswana,BWA,2015,212
Botswana,BWA,2016,195
Botswana,BWA,2017,144
Botswana,BWA,2018,148
Botswana,BWA,2019,123
Botswana,BWA,2020,115
Brazil,BRA,2000,4.4
Brazil,BRA,2001,3.7
Brazil,BRA,2002,3.6
Brazil,BRA,2003,3.5
Brazil,BRA,2004,3.6
Brazil,BRA,2005,3.6
Brazil,BRA,2006,3.6
Brazil,BRA,2007,3.9
Brazil,BRA,2008,4.1
Brazil,BRA,2009,4.1
Brazil,BRA,2010,7.6
Brazil,BRA,2011,7.4
Brazil,BRA,2012,7.3
Brazil,BRA,2013,6.9
Brazil,BRA,2014,6.7
Brazil,BRA,2015,5.6
Brazil,BRA,2016,5.3
Brazil,BRA,2017,5.3
Brazil,BRA,2018,5.1
Brazil,BRA,2019,5
Brazil,BRA,2020,5
Brunei,BRN,2000,0.06
Brunei,BRN,2001,0.12
Brunei,BRN,2002,0.2
Brunei,BRN,2003,0.22
Brunei,BRN,2004,0.31
Brunei,BRN,2005,0.63
Brunei,BRN,2006,0.26
Brunei,BRN,2007,0
Brunei,BRN,2008,0
Brunei,BRN,2009,0.6
Brunei,BRN,2010,0.3
Brunei,BRN,2011,0.88
Brunei,BRN,2012,0.58
Brunei,BRN,2013,0
Brunei,BRN,2014,0
Brunei,BRN,2015,0.28
Brunei,BRN,2016,0.82
Brunei,BRN,2017,0.54
Brunei,BRN,2018,0.8
Brunei,BRN,2019,0.53
Brunei,BRN,2020,1.3
Bulgaria,BGR,2000,0.03
Bulgaria,BGR,2001,0.04
Bulgaria,BGR,2002,0.05
Bulgaria,BGR,2003,0.08
Bulgaria,BGR,2004,0.1
Bulgaria,BGR,2005,0.14
Bulgaria,BGR,2006,0.18
Bulgaria,BGR,2007,0.21
Bulgaria,BGR,2008,0.25
Bulgaria,BGR,2009,0.26
Bulgaria,BGR,2010,0.05
Bulgaria,BGR,2011,0.11
Bulgaria,BGR,2012,0.07
Bulgaria,BGR,2013,0.1
Bulgaria,BGR,2014,0.07
Bulgaria,BGR,2015,0.25
Bulgaria,BGR,2016,0
Bulgaria,BGR,2017,0.06
Bulgaria,BGR,2018,0
Bulgaria,BGR,2019,0.02
Bulgaria,BGR,2020,0.2
Burkina Faso,BFA,2000,27
Burkina Faso,BFA,2001,22
Burkina Faso,BFA,2002,19
Burkina Faso,BFA,2003,16
Burkina Faso,BFA,2004,15
Burkina Faso,BFA,2005,14
Burkina Faso,BFA,2006,18
Burkina Faso,BFA,2007,19
Burkina Faso,BFA,2008,13
Burkina Faso,BFA,2009,12
Burkina Faso,BFA,2010,10
Burkina Faso,BFA,2011,9.5
Burkina Faso,BFA,2012,7.9
Burkina Faso,BFA,2013,6.9
Burkina Faso,BFA,2014,6.3
Burkina Faso,BFA,2015,4.8
Burkina Faso,BFA,2016,4.9
Burkina Faso,BFA,2017,4.6
Burkina Faso,BFA,2018,4.7
Burkina Faso,BFA,2019,3.9
Burkina Faso,BFA,2020,3.6
Burundi,BDI,2000,142
Burundi,BDI,2001,114
Burundi,BDI,2002,92
Burundi,BDI,2003,76
Burundi,BDI,2004,64
Burundi,BDI,2005,58
Burundi,BDI,2006,53
Burundi,BDI,2007,50
Burundi,BDI,2008,45
Burundi,BDI,2009,40
Burundi,BDI,2010,33
Burundi,BDI,2011,30
Burundi,BDI,2012,25
Burundi,BDI,2013,19
Burundi,BDI,2014,17
Burundi,BDI,2015,17
Burundi,BDI,2016,14
Burundi,BDI,2017,13
Burundi,BDI,2018,12
Burundi,BDI,2019,9
Burundi,BDI,2020,8.2
Cambodia,KHM,2000,66
Cambodia,KHM,2001,62
Cambodia,KHM,2002,58
Cambodia,KHM,2003,53
Cambodia,KHM,2004,49
Cambodia,KHM,2005,45
Cambodia,KHM,2006,42
Cambodia,KHM,2007,39
Cambodia,KHM,2008,39
Cambodia,KHM,2009,34
Cambodia,KHM,2010,28
Cambodia,KHM,2011,22
Cambodia,KHM,2012,18
Cambodia,KHM,2013,15
Cambodia,KHM,2014,10
Cambodia,KHM,2015,9.2
Cambodia,KHM,2016,8.7
Cambodia,KHM,2017,8.2
Cambodia,KHM,2018,6.6
Cambodia,KHM,2019,7.6
Cambodia,KHM,2020,6.8
Cameroon,CMR,2000,164
Cameroon,CMR,2001,154
Cameroon,CMR,2002,145
Cameroon,CMR,2003,139
Cameroon,CMR,2004,134
Cameroon,CMR,2005,134
Cameroon,CMR,2006,134
Cameroon,CMR,2007,133
Cameroon,CMR,2008,114
Cameroon,CMR,2009,110
Cameroon,CMR,2010,91
Cameroon,CMR,2011,96
Cameroon,CMR,2012,90
Cameroon,CMR,2013,90
Cameroon,CMR,2014,82
Cameroon,CMR,2015,76
Cameroon,CMR,2016,70
Cameroon,CMR,2017,60
Cameroon,CMR,2018,53
Cameroon,CMR,2019,48
Cameroon,CMR,2020,42
Canada,CAN,2000,0.85
Canada,CAN,2001,0.81
Canada,CAN,2002,0.69
Canada,CAN,2003,0.6
Canada,CAN,2004,0.5
Canada,CAN,2005,0.43
Canada,CAN,2006,0.35
Canada,CAN,2007,0.29
Canada,CAN,2008,0.27
Canada,CAN,2009,0.27
Canada,CAN,2010,0.18
Canada,CAN,2011,0.22
Canada,CAN,2012,0.23
Canada,CAN,2013,0.2
Canada,CAN,2014,0.18
Canada,CAN,2015,0.18
Canada,CAN,2016,0.2
Canada,CAN,2017,0.21
Canada,CAN,2018,0.19
Canada,CAN,2019,0.22
Canada,CAN,2020,0.22
Cape Verde,CPV,2000,12
Cape Verde,CPV,2001,10
Cape Verde,CPV,2002,5.8
Cape Verde,CPV,2003,8.4
Cape Verde,CPV,2004,7.3
Cape Verde,CPV,2005,3.7
Cape Verde,CPV,2006,6.9
Cape Verde,CPV,2007,7.6
Cape Verde,CPV,2008,9.2
Cape Verde,CPV,2009,9.1
Cape Verde,CPV,2010,9.5
Cape Verde,CPV,2011,13
Cape Verde,CPV,2012,12
Cape Verde,CPV,2013,6.1
Cape Verde,CPV,2014,6.2
Cape Verde,CPV,2015,7.4
Cape Verde,CPV,2016,4.7
Cape Verde,CPV,2017,6.4
Cape Verde,CPV,2018,6.5
Cape Verde,CPV,2019,7.5
Cape Verde,CPV,2020,5.1
Central African Republic,CAF,2000,351
Central African Republic,CAF,2001,318
Central African Republic,CAF,2002,293
Central African Republic,CAF,2003,276
Central African Republic,CAF,2004,266
Central African Republic,CAF,2005,265
Central African Republic,CAF,2006,267
Central African Republic,CAF,2007,269
Central African Republic,CAF,2008,264
Central African Republic,CAF,2009,257
Central African Republic,CAF,2010,247
Central African Republic,CAF,2011,241
Central African Republic,CAF,2012,233
Central African Republic,CAF,2013,221
Central African Republic,CAF,2014,205
Central African Republic,CAF,2015,190
Central African Republic,CAF,2016,163
Central African Republic,CAF,2017,151
Central African Republic,CAF,2018,141
Central African Republic,CAF,2019,137
Central African Republic,CAF,2020,163
Chad,TCD,2000,52
Chad,TCD,2001,45
Chad,TCD,2002,39
Chad,TCD,2003,36
Chad,TCD,2004,33
Chad,TCD,2005,33
Chad,TCD,2006,34
Chad,TCD,2007,35
Chad,TCD,2008,34
Chad,TCD,2009,33
Chad,TCD,2010,32
Chad,TCD,2011,31
Chad,TCD,2012,30
Chad,TCD,2013,29
Chad,TCD,2014,26
Chad,TCD,2015,32
Chad,TCD,2016,32
Chad,TCD,2017,28
Chad,TCD,2018,24
Chad,TCD,2019,25
Chad,TCD,2020,22
Chile,CHL,2000,3.2
Chile,CHL,2001,3
Chile,CHL,2002,2.3
Chile,CHL,2003,1.9
Chile,CHL,2004,2
Chile,CHL,2005,1.7
Chile,CHL,2006,1.4
Chile,CHL,2007,1.1
Chile,CHL,2008,1.1
Chile,CHL,2009,1.1
Chile,CHL,2010,1.1
Chile,CHL,2011,1.1
Chile,CHL,2012,1
Chile,CHL,2013,0.98
Chile,CHL,2014,0.97
Chile,CHL,2015,2.2
Chile,CHL,2016,2.1
Chile,CHL,2017,1.9
Chile,CHL,2018,1.9
Chile,CHL,2019,2
Chile,CHL,2020,1.5
China,CHN,2000,2.1
China,CHN,2001,1.8
China,CHN,2002,1.6
China,CHN,2003,1.5
China,CHN,2004,1.4
China,CHN,2005,1.5
China,CHN,2006,1.5
China,CHN,2007,1.6
China,CHN,2008,1.6
China,CHN,2009,1.6
China,CHN,2010,1.5
China,CHN,2011,1.5
China,CHN,2012,1.4
China,CHN,2013,1.3
China,CHN,2014,1.2
China,CHN,2015,1.1
China,CHN,2016,1.1
China,CHN,2017,1
China,CHN,2018,0.98
China,CHN,2019,0.95
China,CHN,2020,0.84
Colombia,COL,2000,3.7
Colombia,COL,2001,3.1
Colombia,COL,2002,2.6
Colombia,COL,2003,2.4
Colombia,COL,2004,2.2
Colombia,COL,2005,2.1
Colombia,COL,2006,1.9
Colombia,COL,2007,2.4
Colombia,COL,2008,3.2
Colombia,COL,2009,3
Colombia,COL,2010,2.5
Colombia,COL,2011,2.6
Colombia,COL,2012,4.9
Colombia,COL,2013,5.2
Colombia,COL,2014,4.2
Colombia,COL,2015,4.2
Colombia,COL,2016,4.5
Colombia,COL,2017,3.9
Colombia,COL,2018,4.3
Colombia,COL,2019,4.4
Colombia,COL,2020,5.2
Comoros,COM,2000,0.2
Comoros,COM,2001,0.17
Comoros,COM,2002,0.15
Comoros,COM,2003,0.14
Comoros,COM,2004,0
Comoros,COM,2005,0.65
Comoros,COM,2006,0.17
Comoros,COM,2007,0.17
Comoros,COM,2008,0
Comoros,COM,2009,0.17
Comoros,COM,2010,0.17
Comoros,COM,2011,0.17
Comoros,COM,2012,1.1
Comoros,COM,2013,0.17
Comoros,COM,2014,0.16
Comoros,COM,2015,0.14
Comoros,COM,2016,0.14
Comoros,COM,2017,0
Comoros,COM,2018,0.57
Comoros,COM,2019,0.11
Comoros,COM,2020,0.11
Congo,COG,2000,205
Congo,COG,2001,193
Congo,COG,2002,184
Congo,COG,2003,178
Congo,COG,2004,174
Congo,COG,2005,175
Congo,COG,2006,177
Congo,COG,2007,177
Congo,COG,2008,171
Congo,COG,2009,164
Congo,COG,2010,157
Congo,COG,2011,155
Congo,COG,2012,153
Congo,COG,2013,148
Congo,COG,2014,141
Congo,COG,2015,133
Congo,COG,2016,127
Congo,COG,2017,122
Congo,COG,2018,118
Congo,COG,2019,114
Congo,COG,2020,112
Cook Islands,COK,2011,0
Cook Islands,COK,2012,0
Cook Islands,COK,2019,0
Costa Rica,CRI,2000,0.73
Costa Rica,CRI,2001,0.68
Costa Rica,CRI,2002,0.52
Costa Rica,CRI,2003,0.74
Costa Rica,CRI,2004,0.66
Costa Rica,CRI,2005,2.1
Costa Rica,CRI,2006,1.5
Costa Rica,CRI,2007,1.3
Costa Rica,CRI,2008,1.3
Costa Rica,CRI,2009,0.54
Costa Rica,CRI,2010,1.5
Costa Rica,CRI,2011,0.99
Costa Rica,CRI,2012,1.5
Costa Rica,CRI,2013,0.97
Costa Rica,CRI,2014,1.1
Costa Rica,CRI,2015,0.82
Costa Rica,CRI,2016,0.88
Costa Rica,CRI,2017,0.86
Costa Rica,CRI,2018,1.1
Costa Rica,CRI,2019,0.97
Costa Rica,CRI,2020,0.57
Cote d'Ivoire,CIV,2000,242
Cote d'Ivoire,CIV,2001,207
Cote d'Ivoire,CIV,2002,178
Cote d'Ivoire,CIV,2003,156
Cote d'Ivoire,CIV,2004,138
Cote d'Ivoire,CIV,2005,126
Cote d'Ivoire,CIV,2006,117
Cote d'Ivoire,CIV,2007,110
Cote d'Ivoire,CIV,2008,65
Cote d'Ivoire,CIV,2009,62
Cote d'Ivoire,CIV,2010,47
Cote d'Ivoire,CIV,2011,49
Cote d'Ivoire,CIV,2012,47
Cote d'Ivoire,CIV,2013,42
Cote d'Ivoire,CIV,2014,39
Cote d'Ivoire,CIV,2015,38
Cote d'Ivoire,CIV,2016,33
Cote d'Ivoire,CIV,2017,30
Cote d'Ivoire,CIV,2018,28
Cote d'Ivoire,CIV,2019,24
Cote d'Ivoire,CIV,2020,20
Croatia,HRV,2000,0.62
Croatia,HRV,2001,0.53
Croatia,HRV,2002,0.54
Croatia,HRV,2003,0.49
Croatia,HRV,2004,0.39
Croatia,HRV,2005,0.31
Croatia,HRV,2006,0.26
Croatia,HRV,2007,0.22
Croatia,HRV,2008,0.22
Croatia,HRV,2009,0.19
Croatia,HRV,2010,0.17
Croatia,HRV,2011,0.15
Croatia,HRV,2012,0.12
Croatia,HRV,2013,0.11
Croatia,HRV,2014,0.11
Croatia,HRV,2015,0.11
Croatia,HRV,2016,0.11
Croatia,HRV,2017,0.09
Croatia,HRV,2018,0.09
Croatia,HRV,2019,0.08
Croatia,HRV,2020,0.06
Cuba,CUB,2000,0.18
Cuba,CUB,2001,0.14
Cuba,CUB,2002,0.14
Cuba,CUB,2003,0
Cuba,CUB,2004,0.01
Cuba,CUB,2005,0
Cuba,CUB,2006,0.23
Cuba,CUB,2007,0.27
Cuba,CUB,2008,0.85
Cuba,CUB,2009,0
Cuba,CUB,2010,0.08
Cuba,CUB,2011,0.65
Cuba,CUB,2012,0.72
Cuba,CUB,2013,0.66
Cuba,CUB,2014,0.88
Cuba,CUB,2015,0.7
Cuba,CUB,2016,0.67
Cuba,CUB,2017,0.99
Cuba,CUB,2018,0.79
Cuba,CUB,2019,0.69
Cuba,CUB,2020,0.6
Cyprus,CYP,2000,0.41
Cyprus,CYP,2001,0.45
Cyprus,CYP,2002,0.2
Cyprus,CYP,2003,0.32
Cyprus,CYP,2004,0.24
Cyprus,CYP,2005,0.23
Cyprus,CYP,2006,0.2
Cyprus,CYP,2007,0
Cyprus,CYP,2008,0.2
Cyprus,CYP,2009,0.23
Cyprus,CYP,2010,0.28
Cyprus,CYP,2011,0.22
Cyprus,CYP,2012,0.27
Cyprus,CYP,2013,0.16
Cyprus,CYP,2014,0.15
Cyprus,CYP,2015,0.24
Cyprus,CYP,2016,0.23
Cyprus,CYP,2017,0
Cyprus,CYP,2018,0.22
Cyprus,CYP,2019,0.29
Cyprus,CYP,2020,0.27
Czechia,CZE,2000,0.12
Czechia,CZE,2001,0.12
Czechia,CZE,2002,0.11
Czechia,CZE,2003,0.1
Czechia,CZE,2004,0.09
Czechia,CZE,2005,0.08
Czechia,CZE,2006,0.07
Czechia,CZE,2007,0.05
Czechia,CZE,2008,0.05
Czechia,CZE,2009,0.04
Czechia,CZE,2010,0.05
Czechia,CZE,2011,0.04
Czechia,CZE,2012,0.04
Czechia,CZE,2013,0.03
Czechia,CZE,2014,0.03
Czechia,CZE,2015,0.03
Czechia,CZE,2016,0.04
Czechia,CZE,2017,0.04
Czechia,CZE,2018,0.03
Czechia,CZE,2019,0.04
Czechia,CZE,2020,0.03
Democratic Republic of Congo,COD,2000,118
Democratic Republic of Congo,COD,2001,101
Democratic Republic of Congo,COD,2002,88
Democratic Republic of Congo,COD,2003,80
Democratic Republic of Congo,COD,2004,74
Democratic Republic of Congo,COD,2005,73
Democratic Republic of Congo,COD,2006,75
Democratic Republic of Congo,COD,2007,28
Democratic Republic of Congo,COD,2008,26
Democratic Republic of Congo,COD,2009,70
Democratic Republic of Congo,COD,2010,66
Democratic Republic of Congo,COD,2011,64
Democratic Republic of Congo,COD,2012,61
Democratic Republic of Congo,COD,2013,57
Democratic Republic of Congo,COD,2014,52
Democratic Republic of Congo,COD,2015,46
Democratic Republic of Congo,COD,2016,42
Democratic Republic of Congo,COD,2017,32
Democratic Republic of Congo,COD,2018,36
Democratic Republic of Congo,COD,2019,34
Democratic Republic of Congo,COD,2020,25
Denmark,DNK,2000,1.1
Denmark,DNK,2001,0.83
Denmark,DNK,2002,0.62
Denmark,DNK,2003,0.54
Denmark,DNK,2004,0.14
Denmark,DNK,2005,0.41
Denmark,DNK,2006,0.3
Denmark,DNK,2007,0.26
Denmark,DNK,2008,0.01
Denmark,DNK,2009,0.01
Denmark,DNK,2010,0.21
Denmark,DNK,2011,0.27
Denmark,DNK,2012,0.21
Denmark,DNK,2013,0.18
Denmark,DNK,2014,0.15
Denmark,DNK,2015,0.16
Denmark,DNK,2016,0.15
Denmark,DNK,2017,0.13
Denmark,DNK,2018,0.14
Denmark,DNK,2019,0.11
Denmark,DNK,2020,0.12
Djibouti,DJI,2000,322
Djibouti,DJI,2001,296
Djibouti,DJI,2002,200
Djibouti,DJI,2003,185
Djibouti,DJI,2004,157
Djibouti,DJI,2005,162
Djibouti,DJI,2006,156
Djibouti,DJI,2007,67
Djibouti,DJI,2008,77
Djibouti,DJI,2009,67
Djibouti,DJI,2010,175
Djibouti,DJI,2011,145
Djibouti,DJI,2012,127
Djibouti,DJI,2013,104
Djibouti,DJI,2014,29
Djibouti,DJI,2015,22
Djibouti,DJI,2016,18
Djibouti,DJI,2017,13
Djibouti,DJI,2018,9.4
Djibouti,DJI,2019,7.7
Djibouti,DJI,2020,8.7
Dominica,DMA,2009,1.6
Dominica,DMA,2011,0
Dominica,DMA,2013,4.9
Dominica,DMA,2015,0
Dominica,DMA,2016,1.6
Dominica,DMA,2017,0
Dominica,DMA,2019,0
Dominican Republic,DOM,2000,26
Dominican Republic,DOM,2001,20
Dominican Republic,DOM,2002,14
Dominican Republic,DOM,2003,15
Dominican Republic,DOM,2004,13
Dominican Republic,DOM,2005,5.9
Dominican Republic,DOM,2006,13
Dominican Republic,DOM,2007,12
Dominican Republic,DOM,2008,12
Dominican Republic,DOM,2009,4.8
Dominican Republic,DOM,2010,9.7
Dominican Republic,DOM,2011,10
Dominican Republic,DOM,2012,11
Dominican Republic,DOM,2013,14
Dominican Republic,DOM,2014,13
Dominican Republic,DOM,2015,13
Dominican Republic,DOM,2016,12
Dominican Republic,DOM,2017,12
Dominican Republic,DOM,2018,11
Dominican Republic,DOM,2019,10
Dominican Republic,DOM,2020,10
East Timor,TLS,2002,2.3
East Timor,TLS,2003,3
East Timor,TLS,2004,3.7
East Timor,TLS,2005,4.3
East Timor,TLS,2006,4.9
East Timor,TLS,2007,5.3
East Timor,TLS,2008,5.7
East Timor,TLS,2009,6.1
East Timor,TLS,2010,6.9
East Timor,TLS,2011,7.7
East Timor,TLS,2012,8.2
East Timor,TLS,2013,0.2
East Timor,TLS,2014,0.2
East Timor,TLS,2015,4.3
East Timor,TLS,2016,8.7
East Timor,TLS,2017,4.5
East Timor,TLS,2018,6.1
East Timor,TLS,2019,4.6
East Timor,TLS,2020,7.4
Eastern Mediterranean,,2000,1.4
Eastern Mediterranean,,2001,1.2
Eastern Mediterranean,,2002,1
Eastern Mediterranean,,2003,0.96
Eastern Mediterranean,,2004,0.97
Eastern Mediterranean,,2005,1.1
Eastern Mediterranean,,2006,2
Eastern Mediterranean,,2007,2
Eastern Mediterranean,,2008,1.3
Eastern Mediterranean,,2009,1.5
Eastern Mediterranean,,2010,1.2
Eastern Mediterranean,,2011,2
Eastern Mediterranean,,2012,2
Eastern Mediterranean,,2013,2
Eastern Mediterranean,,2014,1.8
Eastern Mediterranean,,2015,0.84
Eastern Mediterranean,,2016,0.91
Eastern Mediterranean,,2017,0.76
Eastern Mediterranean,,2018,0.89
Eastern Mediterranean,,2019,1
Eastern Mediterranean,,2020,2.2
Ecuador,ECU,2000,4.4
Ecuador,ECU,2001,3.3
Ecuador,ECU,2002,2.8
Ecuador,ECU,2003,3.1
Ecuador,ECU,2004,2.8
Ecuador,ECU,2005,2
Ecuador,ECU,2006,2.2
Ecuador,ECU,2007,3.8
Ecuador,ECU,2008,3.2
Ecuador,ECU,2009,3.5
Ecuador,ECU,2010,3.3
Ecuador,ECU,2011,4.5
Ecuador,ECU,2012,4.8
Ecuador,ECU,2013,5.8
Ecuador,ECU,2014,5.4
Ecuador,ECU,2015,4.5
Ecuador,ECU,2016,5.4
Ecuador,ECU,2017,5.6
Ecuador,ECU,2018,5.9
Ecuador,ECU,2019,6.1
Ecuador,ECU,2020,2.3
Egypt,EGY,2000,0.04
Egypt,EGY,2001,0.03
Egypt,EGY,2002,0.03
Egypt,EGY,2003,0.03
Egypt,EGY,2004,0.03
Egypt,EGY,2005,0.04
Egypt,EGY,2006,0.05
Egypt,EGY,2007,0.05
Egypt,EGY,2008,0.06
Egypt,EGY,2009,0.06
Egypt,EGY,2010,0.07
Egypt,EGY,2011,0.08
Egypt,EGY,2012,0.09
Egypt,EGY,2013,0.09
Egypt,EGY,2014,0.09
Egypt,EGY,2015,0.09
Egypt,EGY,2016,0.09
Egypt,EGY,2017,0.1
Egypt,EGY,2018,0.1
Egypt,EGY,2019,0.1
Egypt,EGY,2020,0.1
El Salvador,SLV,2000,2.5
El Salvador,SLV,2001,2.2
El Salvador,SLV,2002,2.1
El Salvador,SLV,2003,2.7
El Salvador,SLV,2004,2.2
El Salvador,SLV,2005,4.5
El Salvador,SLV,2006,3.6
El Salvador,SLV,2007,4.6
El Salvador,SLV,2008,4.1
El Salvador,SLV,2009,4.2
El Salvador,SLV,2010,3.7
El Salvador,SLV,2011,3.9
El Salvador,SLV,2012,4.3
El Salvador,SLV,2013,4.1
El Salvador,SLV,2014,4.1
El Salvador,SLV,2015,3.7
El Salvador,SLV,2016,4
El Salvador,SLV,2017,3.4
El Salvador,SLV,2018,4.1
El Salvador,SLV,2019,3.7
El Salvador,SLV,2020,3.4
Equatorial Guinea,GNQ,2000,85
Equatorial Guinea,GNQ,2001,79
Equatorial Guinea,GNQ,2002,75
Equatorial Guinea,GNQ,2003,74
Equatorial Guinea,GNQ,2004,75
Equatorial Guinea,GNQ,2005,82
Equatorial Guinea,GNQ,2006,90
Equatorial Guinea,GNQ,2007,98
Equatorial Guinea,GNQ,2008,104
Equatorial Guinea,GNQ,2009,100
Equatorial Guinea,GNQ,2010,62
Equatorial Guinea,GNQ,2011,119
Equatorial Guinea,GNQ,2012,127
Equatorial Guinea,GNQ,2013,133
Equatorial Guinea,GNQ,2014,104
Equatorial Guinea,GNQ,2015,137
Equatorial Guinea,GNQ,2016,149
Equatorial Guinea,GNQ,2017,112
Equatorial Guinea,GNQ,2018,92
Equatorial Guinea,GNQ,2019,92
Equatorial Guinea,GNQ,2020,120
Eritrea,ERI,2000,49
Eritrea,ERI,2001,41
Eritrea,ERI,2002,35
Eritrea,ERI,2003,54
Eritrea,ERI,2004,43
Eritrea,ERI,2005,34
Eritrea,ERI,2006,28
Eritrea,ERI,2007,33
Eritrea,ERI,2008,53
Eritrea,ERI,2009,23
Eritrea,ERI,2010,20
Eritrea,ERI,2011,28
Eritrea,ERI,2012,29
Eritrea,ERI,2013,9.5
Eritrea,ERI,2014,7.2
Eritrea,ERI,2015,5.5
Eritrea,ERI,2016,6.5
Eritrea,ERI,2017,4.3
Eritrea,ERI,2018,4
Eritrea,ERI,2019,3.4
Eritrea,ERI,2020,3.1
Estonia,EST,2000,3.4
Estonia,EST,2001,6
Estonia,EST,2002,7.1
Estonia,EST,2003,7.8
Estonia,EST,2004,2.5
Estonia,EST,2005,2.7
Estonia,EST,2006,3.6
Estonia,EST,2007,4.5
Estonia,EST,2008,3.4
Estonia,EST,2009,3.2
Estonia,EST,2010,2.5
Estonia,EST,2011,3.7
Estonia,EST,2012,3.7
Estonia,EST,2013,3.1
Estonia,EST,2014,2.1
Estonia,EST,2015,2.1
Estonia,EST,2016,1.9
Estonia,EST,2017,1.2
Estonia,EST,2018,1.1
Estonia,EST,2019,1.5
Estonia,EST,2020,1
Eswatini,SWZ,2000,705
Eswatini,SWZ,2001,737
Eswatini,SWZ,2002,819
Eswatini,SWZ,2003,948
Eswatini,SWZ,2004,994
Eswatini,SWZ,2005,1080
Eswatini,SWZ,2006,1130
Eswatini,SWZ,2007,1150
Eswatini,SWZ,2008,1160
Eswatini,SWZ,2009,1320
Eswatini,SWZ,2010,1300
Eswatini,SWZ,2011,1000
Eswatini,SWZ,2012,831
Eswatini,SWZ,2013,759
Eswatini,SWZ,2014,626
Eswatini,SWZ,2015,467
Eswatini,SWZ,2016,377
Eswatini,SWZ,2017,348
Eswatini,SWZ,2018,265
Eswatini,SWZ,2019,218
Eswatini,SWZ,2020,215
Ethiopia,ETH,2000,153
Ethiopia,ETH,2001,125
Ethiopia,ETH,2002,103
Ethiopia,ETH,2003,87
Ethiopia,ETH,2004,76
Ethiopia,ETH,2005,70
Ethiopia,ETH,2006,67
Ethiopia,ETH,2007,65
Ethiopia,ETH,2008,60
Ethiopia,ETH,2009,54
Ethiopia,ETH,2010,49
Ethiopia,ETH,2011,44
Ethiopia,ETH,2012,24
Ethiopia,ETH,2013,25
Ethiopia,ETH,2014,20
Ethiopia,ETH,2015,16
Ethiopia,ETH,2016,13
Ethiopia,ETH,2017,12
Ethiopia,ETH,2018,7
Ethiopia,ETH,2019,9.1
Ethiopia,ETH,2020,8.6
Europe,,2000,2.3
Europe,,2001,2.2
Europe,,2002,2.1
Europe,,2003,2.2
Europe,,2004,2.1
Europe,,2005,2.2
Europe,,2006,2.3
Europe,,2007,2
Europe,,2008,2.2
Europe,,2009,2.7
Europe,,2010,2.8
Europe,,2011,2.6
Europe,,2012,2.7
Europe,,2013,2.9
Europe,,2014,2.9
Europe,,2015,2.9
Europe,,2016,3.6
Europe,,2017,3.3
Europe,,2018,3.2
Europe,,2019,3.2
Europe,,2020,3.1
Fiji,FJI,2000,0.17
Fiji,FJI,2001,0.19
Fiji,FJI,2002,0.15
Fiji,FJI,2003,0.93
Fiji,FJI,2004,0
Fiji,FJI,2005,0.15
Fiji,FJI,2006,0.19
Fiji,FJI,2007,0.18
Fiji,FJI,2008,0
Fiji,FJI,2009,0.05
Fiji,FJI,2010,0.53
Fiji,FJI,2011,0.58
Fiji,FJI,2012,0.62
Fiji,FJI,2013,0.79
Fiji,FJI,2014,2.1
Fiji,FJI,2015,0.96
Fiji,FJI,2016,1.4
Fiji,FJI,2017,1.4
Fiji,FJI,2018,2.9
Fiji,FJI,2019,4.1
Fiji,FJI,2020,3.3
Finland,FIN,2000,0.27
Finland,FIN,2001,0.24
Finland,FIN,2002,0.22
Finland,FIN,2003,0.19
Finland,FIN,2004,0.14
Finland,FIN,2005,0.13
Finland,FIN,2006,0.1
Finland,FIN,2007,0.09
Finland,FIN,2008,0.1
Finland,FIN,2009,0.12
Finland,FIN,2010,0.1
Finland,FIN,2011,0.1
Finland,FIN,2012,0.08
Finland,FIN,2013,0.07
Finland,FIN,2014,0.07
Finland,FIN,2015,0.07
Finland,FIN,2016,0.06
Finland,FIN,2017,0.07
Finland,FIN,2018,0.07
Finland,FIN,2019,0.07
Finland,FIN,2020,0.05
France,FRA,2000,1.9
France,FRA,2001,1.8
France,FRA,2002,1.6
France,FRA,2003,1.6
France,FRA,2004,1.2
France,FRA,2005,1
France,FRA,2006,0.87
France,FRA,2007,0.82
France,FRA,2008,0.78
France,FRA,2009,0.69
France,FRA,2010,0.76
France,FRA,2011,0.66
France,FRA,2012,0.65
France,FRA,2013,0.65
France,FRA,2014,0.5
France,FRA,2015,0.51
France,FRA,2016,0.59
France,FRA,2017,0.51
France,FRA,2018,0.56
France,FRA,2019,0.56
France,FRA,2020,0.42
Gabon,GAB,2000,294
Gabon,GAB,2001,284
Gabon,GAB,2002,276
Gabon,GAB,2003,270
Gabon,GAB,2004,197
Gabon,GAB,2005,267
Gabon,GAB,2006,266
Gabon,GAB,2007,189
Gabon,GAB,2008,238
Gabon,GAB,2009,261
Gabon,GAB,2010,253
Gabon,GAB,2011,248
Gabon,GAB,2012,87
Gabon,GAB,2013,61
Gabon,GAB,2014,215
Gabon,GAB,2015,199
Gabon,GAB,2016,187
Gabon,GAB,2017,175
Gabon,GAB,2018,165
Gabon,GAB,2019,155
Gabon,GAB,2020,148
Gambia,GMB,2000,53
Gambia,GMB,2001,48
Gambia,GMB,2002,45
Gambia,GMB,2003,44
Gambia,GMB,2004,44
Gambia,GMB,2005,45
Gambia,GMB,2006,47
Gambia,GMB,2007,49
Gambia,GMB,2008,49
Gambia,GMB,2009,29
Gambia,GMB,2010,47
Gambia,GMB,2011,47
Gambia,GMB,2012,29
Gambia,GMB,2013,25
Gambia,GMB,2014,35
Gambia,GMB,2015,30
Gambia,GMB,2016,31
Gambia,GMB,2017,32
Gambia,GMB,2018,32
Gambia,GMB,2019,28
Gambia,GMB,2020,26
Georgia,GEO,2000,0.29
Georgia,GEO,2001,0.35
Georgia,GEO,2002,0.52
Georgia,GEO,2003,0.77
Georgia,GEO,2004,1.1
Georgia,GEO,2005,1.4
Georgia,GEO,2006,1.7
Georgia,GEO,2007,2.9
Georgia,GEO,2008,1.8
Georgia,GEO,2009,2.6
Georgia,GEO,2010,1.6
Georgia,GEO,2011,3.3
Georgia,GEO,2012,3.6
Georgia,GEO,2013,2.3
Georgia,GEO,2014,2.3
Georgia,GEO,2015,2.8
Georgia,GEO,2016,2
Georgia,GEO,2017,1.5
Georgia,GEO,2018,1.6
Georgia,GEO,2019,1.3
Georgia,GEO,2020,1.4
Germany,DEU,2000,0.99
Germany,DEU,2001,0.71
Germany,DEU,2002,0.65
Germany,DEU,2003,0.59
Germany,DEU,2004,0.46
Germany,DEU,2005,0.37
Germany,DEU,2006,0.28
Germany,DEU,2007,0.22
Germany,DEU,2008,0.19
Germany,DEU,2009,0.18
Germany,DEU,2010,0.18
Germany,DEU,2011,0.17
Germany,DEU,2012,0.16
Germany,DEU,2013,0.15
Germany,DEU,2014,0.15
Germany,DEU,2015,0.19
Germany,DEU,2016,0.2
Germany,DEU,2017,0.19
Germany,DEU,2018,0.19
Germany,DEU,2019,0.17
Germany,DEU,2020,0.14
Ghana,GHA,2000,86
Ghana,GHA,2001,75
Ghana,GHA,2002,66
Ghana,GHA,2003,60
Ghana,GHA,2004,57
Ghana,GHA,2005,56
Ghana,GHA,2006,57
Ghana,GHA,2007,57
Ghana,GHA,2008,55
Ghana,GHA,2009,42
Ghana,GHA,2010,48
Ghana,GHA,2011,41
Ghana,GHA,2012,41
Ghana,GHA,2013,40
Ghana,GHA,2014,40
Ghana,GHA,2015,35
Ghana,GHA,2016,36
Ghana,GHA,2017,33
Ghana,GHA,2018,29
Ghana,GHA,2019,30
Ghana,GHA,2020,26
Greece,GRC,2000,0.41
Greece,GRC,2001,0.28
Greece,GRC,2002,0.29
Greece,GRC,2003,0.28
Greece,GRC,2004,0.31
Greece,GRC,2005,0.26
Greece,GRC,2006,0.2
Greece,GRC,2007,0.18
Greece,GRC,2008,0.18
Greece,GRC,2009,0.18
Greece,GRC,2010,0.16
Greece,GRC,2011,0.17
Greece,GRC,2012,0.19
Greece,GRC,2013,0.17
Greece,GRC,2014,0.17
Greece,GRC,2015,0.15
Greece,GRC,2016,0.15
Greece,GRC,2017,0.16
Greece,GRC,2018,0.16
Greece,GRC,2019,0.17
Greece,GRC,2020,0.16
Grenada,GRD,2006,0
Grenada,GRD,2009,1.1
Grenada,GRD,2010,1.1
Grenada,GRD,2011,0
Grenada,GRD,2015,2.1
Grenada,GRD,2016,0
Grenada,GRD,2017,1
Grenada,GRD,2018,0
Grenada,GRD,2019,1
Grenada,GRD,2020,0
Guatemala,GTM,2000,2.6
Guatemala,GTM,2001,1.8
Guatemala,GTM,2002,1.9
Guatemala,GTM,2003,1.6
Guatemala,GTM,2004,1.9
Guatemala,GTM,2005,2.2
Guatemala,GTM,2006,2.2
Guatemala,GTM,2007,5.4
Guatemala,GTM,2008,5.5
Guatemala,GTM,2009,3.4
Guatemala,GTM,2010,3.4
Guatemala,GTM,2011,3.3
Guatemala,GTM,2012,2.6
Guatemala,GTM,2013,2.7
Guatemala,GTM,2014,2.2
Guatemala,GTM,2015,1.6
Guatemala,GTM,2016,2
Guatemala,GTM,2017,1.9
Guatemala,GTM,2018,1.8
Guatemala,GTM,2019,3.1
Guatemala,GTM,2020,2.1
Guinea,GIN,2000,64
Guinea,GIN,2001,37
Guinea,GIN,2002,48
Guinea,GIN,2003,44
Guinea,GIN,2004,42
Guinea,GIN,2005,42
Guinea,GIN,2006,43
Guinea,GIN,2007,44
Guinea,GIN,2008,43
Guinea,GIN,2009,44
Guinea,GIN,2010,32
Guinea,GIN,2011,40
Guinea,GIN,2012,44
Guinea,GIN,2013,41
Guinea,GIN,2014,43
Guinea,GIN,2015,43
Guinea,GIN,2016,43
Guinea,GIN,2017,44
Guinea,GIN,2018,43
Guinea,GIN,2019,41
Guinea,GIN,2020,52
Guinea-Bissau,GNB,2000,138
Guinea-Bissau,GNB,2001,132
Guinea-Bissau,GNB,2002,130
Guinea-Bissau,GNB,2003,131
Guinea-Bissau,GNB,2004,135
Guinea-Bissau,GNB,2005,142
Guinea-Bissau,GNB,2006,148
Guinea-Bissau,GNB,2007,153
Guinea-Bissau,GNB,2008,153
Guinea-Bissau,GNB,2009,152
Guinea-Bissau,GNB,2010,150
Guinea-Bissau,GNB,2011,149
Guinea-Bissau,GNB,2012,141
Guinea-Bissau,GNB,2013,148
Guinea-Bissau,GNB,2014,134
Guinea-Bissau,GNB,2015,94
Guinea-Bissau,GNB,2016,116
Guinea-Bissau,GNB,2017,112
Guinea-Bissau,GNB,2018,128
Guinea-Bissau,GNB,2019,112
Guinea-Bissau,GNB,2020,114
Guyana,GUY,2000,9.5
Guyana,GUY,2001,9.2
Guyana,GUY,2002,13
Guyana,GUY,2003,15
Guyana,GUY,2004,15
Guyana,GUY,2005,19
Guyana,GUY,2006,16
Guyana,GUY,2007,33
Guyana,GUY,2008,24
Guyana,GUY,2009,35
Guyana,GUY,2010,34
Guyana,GUY,2011,28
Guyana,GUY,2012,38
Guyana,GUY,2013,29
Guyana,GUY,2014,23
Guyana,GUY,2015,23
Guyana,GUY,2016,23
Guyana,GUY,2017,24
Guyana,GUY,2018,15
Guyana,GUY,2019,15
Guyana,GUY,2020,14
Haiti,HTI,2000,118
Haiti,HTI,2001,104
Haiti,HTI,2002,93
Haiti,HTI,2003,86
Haiti,HTI,2004,81
Haiti,HTI,2005,80
Haiti,HTI,2006,80
Haiti,HTI,2007,59
Haiti,HTI,2008,57
Haiti,HTI,2009,54
Haiti,HTI,2010,45
Haiti,HTI,2011,46
Haiti,HTI,2012,43
Haiti,HTI,2013,40
Haiti,HTI,2014,37
Haiti,HTI,2015,32
Haiti,HTI,2016,28
Haiti,HTI,2017,29
Haiti,HTI,2018,27
Haiti,HTI,2019,27
Haiti,HTI,2020,22
High-income,,2000,1.5
High-income,,2001,1.3
High-income,,2002,1.2
High-income,,2003,1.1
High-income,,2004,0.91
High-income,,2005,0.81
High-income,,2006,0.68
High-income,,2007,0.56
High-income,,2008,0.53
High-income,,2009,0.66
High-income,,2010,0.49
High-income,,2011,0.46
High-income,,2012,0.42
High-income,,2013,0.35
High-income,,2014,0.34
High-income,,2015,0.33
High-income,,2016,0.34
High-income,,2017,0.32
High-income,,2018,0.3
High-income,,2019,0.3
High-income,,2020,0.24
Honduras,HND,2000,24
Honduras,HND,2001,15
Honduras,HND,2002,11
Honduras,HND,2003,3.3
Honduras,HND,2004,6.3
Honduras,HND,2005,5.5
Honduras,HND,2006,5.2
Honduras,HND,2007,4.5
Honduras,HND,2008,4.3
Honduras,HND,2009,4.1
Honduras,HND,2010,3.7
Honduras,HND,2011,5.1
Honduras,HND,2012,4.9
Honduras,HND,2013,4.3
Honduras,HND,2014,4
Honduras,HND,2015,4.2
Honduras,HND,2016,3.2
Honduras,HND,2017,2.5
Honduras,HND,2018,2.4
Honduras,HND,2019,1.8
Honduras,HND,2020,1.5
Hungary,HUN,2000,0.45
Hungary,HUN,2001,0.41
Hungary,HUN,2002,0.35
Hungary,HUN,2003,0.32
Hungary,HUN,2004,0.24
Hungary,HUN,2005,0.17
Hungary,HUN,2006,0.15
Hungary,HUN,2007,0.12
Hungary,HUN,2008,0.12
Hungary,HUN,2009,0.12
Hungary,HUN,2010,0.15
Hungary,HUN,2011,0.13
Hungary,HUN,2012,0.12
Hungary,HUN,2013,0.1
Hungary,HUN,2014,0.08
Hungary,HUN,2015,0.09
Hungary,HUN,2016,0.08
Hungary,HUN,2017,0.08
Hungary,HUN,2018,0.08
Hungary,HUN,2019,0.07
Hungary,HUN,2020,0.05
Iceland,ISL,2000,0.24
Iceland,ISL,2001,0.22
Iceland,ISL,2002,0.14
Iceland,ISL,2003,0.08
Iceland,ISL,2004,0.54
Iceland,ISL,2005,0.39
Iceland,ISL,2006,1
Iceland,ISL,2007,0.11
Iceland,ISL,2008,0.44
Iceland,ISL,2009,0.08
Iceland,ISL,2010,0.38
Iceland,ISL,2011,0
Iceland,ISL,2012,0.08
Iceland,ISL,2013,0
Iceland,ISL,2014,0
Iceland,ISL,2015,0.05
Iceland,ISL,2016,0.04
Iceland,ISL,2017,0.09
Iceland,ISL,2018,0.06
Iceland,ISL,2019,0.09
Iceland,ISL,2020,0.06
India,IND,2000,39
India,IND,2001,33
India,IND,2002,28
India,IND,2003,24
India,IND,2004,22
India,IND,2005,21
India,IND,2006,21
India,IND,2007,19
India,IND,2008,19
India,IND,2009,18
India,IND,2010,16
India,IND,2011,15
India,IND,2012,14
India,IND,2013,11
India,IND,2014,9.5
India,IND,2015,8.6
India,IND,2016,6.6
India,IND,2017,5.9
India,IND,2018,6.9
India,IND,2019,5
India,IND,2020,3.8
Indonesia,IDN,2000,1.7
Indonesia,IDN,2001,2.2
Indonesia,IDN,2002,2.8
Indonesia,IDN,2003,3.6
Indonesia,IDN,2004,4.5
Indonesia,IDN,2005,5.7
Indonesia,IDN,2006,6.8
Indonesia,IDN,2007,7.8
Indonesia,IDN,2008,8.6
Indonesia,IDN,2009,9.3
Indonesia,IDN,2010,9.8
Indonesia,IDN,2011,10
Indonesia,IDN,2012,11
Indonesia,IDN,2013,10
Indonesia,IDN,2014,9.8
Indonesia,IDN,2015,9.2
Indonesia,IDN,2016,8.6
Indonesia,IDN,2017,7.7
Indonesia,IDN,2018,7.6
Indonesia,IDN,2019,7.1
Indonesia,IDN,2020,6.5
Iran,IRN,2000,0.25
Iran,IRN,2001,0.27
Iran,IRN,2002,0.3
Iran,IRN,2003,0.33
Iran,IRN,2004,0.36
Iran,IRN,2005,0.38
Iran,IRN,2006,0.44
Iran,IRN,2007,0.47
Iran,IRN,2008,0.49
Iran,IRN,2009,0.51
Iran,IRN,2010,0.51
Iran,IRN,2011,0.52
Iran,IRN,2012,0.49
Iran,IRN,2013,0.45
Iran,IRN,2014,0.37
Iran,IRN,2015,0.32
Iran,IRN,2016,0.84
Iran,IRN,2017,0.55
Iran,IRN,2018,0.47
Iran,IRN,2019,0.42
Iran,IRN,2020,0.31
Iraq,IRQ,2000,0.01
Iraq,IRQ,2001,0.01
Iraq,IRQ,2002,0
Iraq,IRQ,2003,0
Iraq,IRQ,2004,0
Iraq,IRQ,2005,0
Iraq,IRQ,2006,0
Iraq,IRQ,2007,0.01
Iraq,IRQ,2008,0.01
Iraq,IRQ,2009,0.01
Iraq,IRQ,2010,0.01
Iraq,IRQ,2011,0.01
Iraq,IRQ,2012,0.01
Iraq,IRQ,2013,0.01
Iraq,IRQ,2014,0.01
Iraq,IRQ,2015,0.01
Iraq,IRQ,2016,0.01
Iraq,IRQ,2017,0.01
Iraq,IRQ,2018,0
Iraq,IRQ,2019,0.01
Iraq,IRQ,2020,0.01
Ireland,IRL,2000,0.75
Ireland,IRL,2001,0.74
Ireland,IRL,2002,0.66
Ireland,IRL,2003,0.66
Ireland,IRL,2004,0.6
Ireland,IRL,2005,0.53
Ireland,IRL,2006,0.47
Ireland,IRL,2007,0.4
Ireland,IRL,2008,0.38
Ireland,IRL,2009,0.38
Ireland,IRL,2010,0.35
Ireland,IRL,2011,0.34
Ireland,IRL,2012,0.29
Ireland,IRL,2013,0.28
Ireland,IRL,2014,0.23
Ireland,IRL,2015,0.23
Ireland,IRL,2016,0.24
Ireland,IRL,2017,0.25
Ireland,IRL,2018,0.25
Ireland,IRL,2019,0.21
Ireland,IRL,2020,0.19
Israel,ISR,2000,0.64
Israel,ISR,2001,0.6
Israel,ISR,2002,0.55
Israel,ISR,2003,0.8
Israel,ISR,2004,0.25
Israel,ISR,2005,0.35
Israel,ISR,2006,0.24
Israel,ISR,2007,0.27
Israel,ISR,2008,0.22
Israel,ISR,2009,0.42
Israel,ISR,2010,0.2
Israel,ISR,2011,0.4
Israel,ISR,2012,0.24
Israel,ISR,2013,0.21
Israel,ISR,2014,0.36
Israel,ISR,2015,0.2
Israel,ISR,2016,0.26
Israel,ISR,2017,0.17
Israel,ISR,2018,0.16
Israel,ISR,2019,0.11
Israel,ISR,2020,0.2
Italy,ITA,2000,1
Italy,ITA,2001,1.2
Italy,ITA,2002,1
Italy,ITA,2003,1
Italy,ITA,2004,0.84
Italy,ITA,2005,0.7
Italy,ITA,2006,0.64
Italy,ITA,2007,0.36
Italy,ITA,2008,0.52
Italy,ITA,2009,0.51
Italy,ITA,2010,0.56
Italy,ITA,2011,0.41
Italy,ITA,2012,0.35
Italy,ITA,2013,0.3
Italy,ITA,2014,0.33
Italy,ITA,2015,0.33
Italy,ITA,2016,0.36
Italy,ITA,2017,0.38
Italy,ITA,2018,0.38
Italy,ITA,2019,0.32
Italy,ITA,2020,0.34
Jamaica,JAM,2000,1.7
Jamaica,JAM,2001,1.4
Jamaica,JAM,2002,1.1
Jamaica,JAM,2003,2.2
Jamaica,JAM,2004,1.4
Jamaica,JAM,2005,1.5
Jamaica,JAM,2006,1.3
Jamaica,JAM,2007,1
Jamaica,JAM,2008,0.88
Jamaica,JAM,2009,1.9
Jamaica,JAM,2010,1.4
Jamaica,JAM,2011,0.86
Jamaica,JAM,2012,0.92
Jamaica,JAM,2013,0.71
Jamaica,JAM,2014,0.9
Jamaica,JAM,2015,1
Jamaica,JAM,2016,0.87
Jamaica,JAM,2017,1
Jamaica,JAM,2018,0.54
Jamaica,JAM,2019,0.45
Jamaica,JAM,2020,0.4
Japan,JPN,2000,0.4
Japan,JPN,2001,0.35
Japan,JPN,2002,0.31
Japan,JPN,2003,0.28
Japan,JPN,2004,0.24
Japan,JPN,2005,0.2
Japan,JPN,2006,0.16
Japan,JPN,2007,0.08
Japan,JPN,2008,0.11
Japan,JPN,2009,0.12
Japan,JPN,2010,0.12
Japan,JPN,2011,0.11
Japan,JPN,2012,0.1
Japan,JPN,2013,0.09
Japan,JPN,2014,0.09
Japan,JPN,2015,0.08
Japan,JPN,2016,0.08
Japan,JPN,2017,0.08
Japan,JPN,2018,0.08
Japan,JPN,2019,0.07
Japan,JPN,2020,0.06
Jordan,JOR,2000,0.01
Jordan,JOR,2001,0.01
Jordan,JOR,2002,0.01
Jordan,JOR,2003,0.01
Jordan,JOR,2004,0.01
Jordan,JOR,2005,0.01
Jordan,JOR,2006,0.01
Jordan,JOR,2007,0.01
Jordan,JOR,2008,0
Jordan,JOR,2009,0
Jordan,JOR,2010,0
Jordan,JOR,2011,0.02
Jordan,JOR,2012,0
Jordan,JOR,2013,0
Jordan,JOR,2014,0
Jordan,JOR,2015,0
Jordan,JOR,2016,0.01
Jordan,JOR,2017,0
Jordan,JOR,2018,0.04
Jordan,JOR,2019,0
Jordan,JOR,2020,0
Kazakhstan,KAZ,2000,2.5
Kazakhstan,KAZ,2001,2.5
Kazakhstan,KAZ,2002,2.5
Kazakhstan,KAZ,2003,2.7
Kazakhstan,KAZ,2004,2.9
Kazakhstan,KAZ,2005,1.1
Kazakhstan,KAZ,2006,0.95
Kazakhstan,KAZ,2007,1.4
Kazakhstan,KAZ,2008,1.3
Kazakhstan,KAZ,2009,1.5
Kazakhstan,KAZ,2010,2
Kazakhstan,KAZ,2011,2.1
Kazakhstan,KAZ,2012,2.5
Kazakhstan,KAZ,2013,2.7
Kazakhstan,KAZ,2014,3.7
Kazakhstan,KAZ,2015,2.2
Kazakhstan,KAZ,2016,4
Kazakhstan,KAZ,2017,2.8
Kazakhstan,KAZ,2018,3.9
Kazakhstan,KAZ,2019,3.7
Kazakhstan,KAZ,2020,4.5
Kenya,KEN,2000,309
Kenya,KEN,2001,310
Kenya,KEN,2002,306
Kenya,KEN,2003,329
Kenya,KEN,2004,329
Kenya,KEN,2005,325
Kenya,KEN,2006,337
Kenya,KEN,2007,296
Kenya,KEN,2008,254
Kenya,KEN,2009,249
Kenya,KEN,2010,218
Kenya,KEN,2011,199
Kenya,KEN,2012,179
Kenya,KEN,2013,166
Kenya,KEN,2014,150
Kenya,KEN,2015,126
Kenya,KEN,2016,109
Kenya,KEN,2017,91
Kenya,KEN,2018,79
Kenya,KEN,2019,70
Kenya,KEN,2020,65
Kiribati,KIR,2009,3.4
Kiribati,KIR,2010,2.4
Kiribati,KIR,2011,0
Kiribati,KIR,2013,0
Kuwait,KWT,2000,0.17
Kuwait,KWT,2001,0.11
Kuwait,KWT,2002,0.16
Kuwait,KWT,2003,0.21
Kuwait,KWT,2004,0.1
Kuwait,KWT,2005,0.15
Kuwait,KWT,2006,0.1
Kuwait,KWT,2007,0.09
Kuwait,KWT,2008,0.11
Kuwait,KWT,2009,1
Kuwait,KWT,2010,0.99
Kuwait,KWT,2011,0.66
Kuwait,KWT,2012,0.68
Kuwait,KWT,2013,0.07
Kuwait,KWT,2014,0.07
Kuwait,KWT,2015,0.07
Kuwait,KWT,2016,0.08
Kuwait,KWT,2017,0.1
Kuwait,KWT,2018,0.09
Kuwait,KWT,2019,0.08
Kuwait,KWT,2020,0.07
Kyrgyzstan,KGZ,2000,0.06
Kyrgyzstan,KGZ,2001,0.13
Kyrgyzstan,KGZ,2002,0.28
Kyrgyzstan,KGZ,2003,0.48
Kyrgyzstan,KGZ,2004,0.72
Kyrgyzstan,KGZ,2005,1.1
Kyrgyzstan,KGZ,2006,1.4
Kyrgyzstan,KGZ,2007,1.8
Kyrgyzstan,KGZ,2008,2.7
Kyrgyzstan,KGZ,2009,1.8
Kyrgyzstan,KGZ,2010,2.6
Kyrgyzstan,KGZ,2011,2.9
Kyrgyzstan,KGZ,2012,2.8
Kyrgyzstan,KGZ,2013,3.8
Kyrgyzstan,KGZ,2014,3.9
Kyrgyzstan,KGZ,2015,4.1
Kyrgyzstan,KGZ,2016,4.5
Kyrgyzstan,KGZ,2017,4.5
Kyrgyzstan,KGZ,2018,3.7
Kyrgyzstan,KGZ,2019,2.5
Kyrgyzstan,KGZ,2020,3.4
Laos,LAO,2000,5.8
Laos,LAO,2001,5.5
Laos,LAO,2002,5.5
Laos,LAO,2003,5.9
Laos,LAO,2004,6.4
Laos,LAO,2005,7.2
Laos,LAO,2006,8
Laos,LAO,2007,8.7
Laos,LAO,2008,9.1
Laos,LAO,2009,9.4
Laos,LAO,2010,9.6
Laos,LAO,2011,9.7
Laos,LAO,2012,9.8
Laos,LAO,2013,9.4
Laos,LAO,2014,14
Laos,LAO,2015,14
Laos,LAO,2016,11
Laos,LAO,2017,9.9
Laos,LAO,2018,10
Laos,LAO,2019,8.5
Laos,LAO,2020,8.3
Latvia,LVA,2000,10
Latvia,LVA,2001,10
Latvia,LVA,2002,8.6
Latvia,LVA,2003,7.5
Latvia,LVA,2004,2.2
Latvia,LVA,2005,3.1
Latvia,LVA,2006,2.8
Latvia,LVA,2007,3.4
Latvia,LVA,2008,4.3
Latvia,LVA,2009,4.5
Latvia,LVA,2010,4.7
Latvia,LVA,2011,4.5
Latvia,LVA,2012,7.2
Latvia,LVA,2013,2.7
Latvia,LVA,2014,8.2
Latvia,LVA,2015,6.6
Latvia,LVA,2016,4.1
Latvia,LVA,2017,3.5
Latvia,LVA,2018,2.1
Latvia,LVA,2019,2
Latvia,LVA,2020,1.9
Lebanon,LBN,2000,0.12
Lebanon,LBN,2001,0.09
Lebanon,LBN,2002,0.07
Lebanon,LBN,2003,0.05
Lebanon,LBN,2004,0.05
Lebanon,LBN,2005,0.06
Lebanon,LBN,2006,0.06
Lebanon,LBN,2007,0.08
Lebanon,LBN,2008,0.1
Lebanon,LBN,2009,0.1
Lebanon,LBN,2010,0.1
Lebanon,LBN,2011,0.1
Lebanon,LBN,2012,0.09
Lebanon,LBN,2013,0.12
Lebanon,LBN,2014,0.25
Lebanon,LBN,2015,0.14
Lebanon,LBN,2016,0.09
Lebanon,LBN,2017,0.07
Lebanon,LBN,2018,0.11
Lebanon,LBN,2019,0.1
Lebanon,LBN,2020,0.05
Lesotho,LSO,2000,572
Lesotho,LSO,2001,647
Lesotho,LSO,2002,714
Lesotho,LSO,2003,776
Lesotho,LSO,2004,831
Lesotho,LSO,2005,873
Lesotho,LSO,2006,907
Lesotho,LSO,2007,920
Lesotho,LSO,2008,940
Lesotho,LSO,2009,942
Lesotho,LSO,2010,910
Lesotho,LSO,2011,836
Lesotho,LSO,2012,777
Lesotho,LSO,2013,698
Lesotho,LSO,2014,615
Lesotho,LSO,2015,562
Lesotho,LSO,2016,521
Lesotho,LSO,2017,479
Lesotho,LSO,2018,437
Lesotho,LSO,2019,403
Lesotho,LSO,2020,381
Liberia,LBR,2000,98
Liberia,LBR,2001,86
Liberia,LBR,2002,77
Liberia,LBR,2003,72
Liberia,LBR,2004,69
Liberia,LBR,2005,70
Liberia,LBR,2006,72
Liberia,LBR,2007,74
Liberia,LBR,2008,73
Liberia,LBR,2009,71
Liberia,LBR,2010,69
Liberia,LBR,2011,68
Liberia,LBR,2012,67
Liberia,LBR,2013,64
Liberia,LBR,2014,58
Liberia,LBR,2015,40
Liberia,LBR,2016,48
Liberia,LBR,2017,47
Liberia,LBR,2018,53
Liberia,LBR,2019,44
Liberia,LBR,2020,35
Libya,LBY,2000,0.36
Libya,LBY,2001,0.37
Libya,LBY,2002,0.41
Libya,LBY,2003,0.48
Libya,LBY,2004,0.57
Libya,LBY,2005,0.7
Libya,LBY,2006,0.83
Libya,LBY,2007,0.96
Libya,LBY,2008,1
Libya,LBY,2009,1.1
Libya,LBY,2010,1.1
Libya,LBY,2011,3.4
Libya,LBY,2012,2.9
Libya,LBY,2013,1.6
Libya,LBY,2014,1.9
Libya,LBY,2015,0.87
Libya,LBY,2016,0.88
Libya,LBY,2017,1
Libya,LBY,2018,0.49
Libya,LBY,2019,0.68
Libya,LBY,2020,0.38
Lithuania,LTU,2000,3.4
Lithuania,LTU,2001,3.4
Lithuania,LTU,2002,3.1
Lithuania,LTU,2003,3.2
Lithuania,LTU,2004,0.22
Lithuania,LTU,2005,2.2
Lithuania,LTU,2006,2.1
Lithuania,LTU,2007,1.8
Lithuania,LTU,2008,1.7
Lithuania,LTU,2009,55
Lithuania,LTU,2010,1.5
Lithuania,LTU,2011,1.5
Lithuania,LTU,2012,1.5
Lithuania,LTU,2013,2.1
Lithuania,LTU,2014,1.8
Lithuania,LTU,2015,2.1
Lithuania,LTU,2016,1.7
Lithuania,LTU,2017,1.8
Lithuania,LTU,2018,1.4
Lithuania,LTU,2019,1.1
Lithuania,LTU,2020,0.85
Low-income,,2000,86
Low-income,,2001,75
Low-income,,2002,66
Low-income,,2003,61
Low-income,,2004,57
Low-income,,2005,55
Low-income,,2006,57
Low-income,,2007,47
Low-income,,2008,47
Low-income,,2009,52
Low-income,,2010,49
Low-income,,2011,46
Low-income,,2012,42
Low-income,,2013,39
Low-income,,2014,35
Low-income,,2015,33
Low-income,,2016,30
Low-income,,2017,27
Low-income,,2018,25
Low-income,,2019,24
Low-income,,2020,21
Lower-middle-income,,2000,42
Lower-middle-income,,2001,38
Lower-middle-income,,2002,34
Lower-middle-income,,2003,32
Lower-middle-income,,2004,31
Lower-middle-income,,2005,31
Lower-middle-income,,2006,31
Lower-middle-income,,2007,29
Lower-middle-income,,2008,29
Lower-middle-income,,2009,27
Lower-middle-income,,2010,25
Lower-middle-income,,2011,24
Lower-middle-income,,2012,23
Lower-middle-income,,2013,21
Lower-middle-income,,2014,19
Lower-middle-income,,2015,17
Lower-middle-income,,2016,15
Lower-middle-income,,2017,14
Lower-middle-income,,2018,13
Lower-middle-income,,2019,11
Lower-middle-income,,2020,9.9
Luxembourg,LUX,2000,1.1
Luxembourg,LUX,2001,0.76
Luxembourg,LUX,2002,0.7
Luxembourg,LUX,2003,1.1
Luxembourg,LUX,2004,0.57
Luxembourg,LUX,2005,0.59
Luxembourg,LUX,2006,0.44
Luxembourg,LUX,2007,0.45
Luxembourg,LUX,2008,0.31
Luxembourg,LUX,2009,0.29
Luxembourg,LUX,2010,0.32
Luxembourg,LUX,2011,0.26
Luxembourg,LUX,2012,0.44
Luxembourg,LUX,2013,0.34
Luxembourg,LUX,2014,0.21
Luxembourg,LUX,2015,0.25
Luxembourg,LUX,2016,0.25
Luxembourg,LUX,2017,0.28
Luxembourg,LUX,2018,0.36
Luxembourg,LUX,2019,0
Luxembourg,LUX,2020,0
Madagascar,MDG,2000,1.3
Madagascar,MDG,2001,1.2
Madagascar,MDG,2002,1.3
Madagascar,MDG,2003,1.4
Madagascar,MDG,2004,1.7
Madagascar,MDG,2005,2
Madagascar,MDG,2006,2.4
Madagascar,MDG,2007,2.8
Madagascar,MDG,2008,3.2
Madagascar,MDG,2009,3.6
Madagascar,MDG,2010,0.57
Madagascar,MDG,2011,4
Madagascar,MDG,2012,5
Madagascar,MDG,2013,5.5
Madagascar,MDG,2014,5.5
Madagascar,MDG,2015,5.7
Madagascar,MDG,2016,6
Madagascar,MDG,2017,6.2
Madagascar,MDG,2018,3.6
Madagascar,MDG,2019,2.9
Madagascar,MDG,2020,3.9
Malawi,MWI,2000,306
Malawi,MWI,2001,304
Malawi,MWI,2002,283
Malawi,MWI,2003,275
Malawi,MWI,2004,268
Malawi,MWI,2005,266
Malawi,MWI,2006,274
Malawi,MWI,2007,261
Malawi,MWI,2008,234
Malawi,MWI,2009,229
Malawi,MWI,2010,260
Malawi,MWI,2011,189
Malawi,MWI,2012,173
Malawi,MWI,2013,147
Malawi,MWI,2014,123
Malawi,MWI,2015,105
Malawi,MWI,2016,92
Malawi,MWI,2017,80
Malawi,MWI,2018,74
Malawi,MWI,2019,68
Malawi,MWI,2020,63
Malaysia,MYS,2000,7.7
Malaysia,MYS,2001,6.3
Malaysia,MYS,2002,5.3
Malaysia,MYS,2003,6
Malaysia,MYS,2004,4.6
Malaysia,MYS,2005,8.7
Malaysia,MYS,2006,7.8
Malaysia,MYS,2007,5.4
Malaysia,MYS,2008,8.6
Malaysia,MYS,2009,7.8
Malaysia,MYS,2010,7
Malaysia,MYS,2011,7
Malaysia,MYS,2012,5.3
Malaysia,MYS,2013,6.7
Malaysia,MYS,2014,6.3
Malaysia,MYS,2015,4.5
Malaysia,MYS,2016,5.9
Malaysia,MYS,2017,5.8
Malaysia,MYS,2018,5.9
Malaysia,MYS,2019,5.5
Malaysia,MYS,2020,5.2
Maldives,MDV,2000,0.07
Maldives,MDV,2001,0.06
Maldives,MDV,2002,0.05
Maldives,MDV,2003,0
Maldives,MDV,2004,0.04
Maldives,MDV,2005,0.04
Maldives,MDV,2006,0.03
Maldives,MDV,2007,0.05
Maldives,MDV,2008,0.05
Maldives,MDV,2009,0.04
Maldives,MDV,2010,0.04
Maldives,MDV,2011,0.04
Maldives,MDV,2012,0.05
Maldives,MDV,2013,0
Maldives,MDV,2014,0
Maldives,MDV,2015,0
Maldives,MDV,2016,0.27
Maldives,MDV,2017,0
Maldives,MDV,2018,0.24
Maldives,MDV,2019,0
Maldives,MDV,2020,0.04
Mali,MLI,2000,26
Mali,MLI,2001,21
Mali,MLI,2002,18
Mali,MLI,2003,16
Mali,MLI,2004,15
Mali,MLI,2005,14
Mali,MLI,2006,14
Mali,MLI,2007,11
Mali,MLI,2008,13
Mali,MLI,2009,10
Mali,MLI,2010,10
Mali,MLI,2011,11
Mali,MLI,2012,4.4
Mali,MLI,2013,10
Mali,MLI,2014,8.9
Mali,MLI,2015,8
Mali,MLI,2016,7.2
Mali,MLI,2017,5.8
Mali,MLI,2018,5.4
Mali,MLI,2019,5.1
Mali,MLI,2020,4.9
Malta,MLT,2000,0.13
Malta,MLT,2001,0.13
Malta,MLT,2002,0.2
Malta,MLT,2003,0.06
Malta,MLT,2004,0.27
Malta,MLT,2005,0.16
Malta,MLT,2006,0.2
Malta,MLT,2007,0.24
Malta,MLT,2008,1.5
Malta,MLT,2009,1.5
Malta,MLT,2010,0.75
Malta,MLT,2011,1.4
Malta,MLT,2012,1.1
Malta,MLT,2013,0
Malta,MLT,2014,2.1
Malta,MLT,2015,1.3
Malta,MLT,2016,2.3
Malta,MLT,2017,0
Malta,MLT,2018,2.3
Malta,MLT,2019,0.84
Malta,MLT,2020,0.61
Marshall Islands,MHL,2005,0
Marshall Islands,MHL,2006,0
Marshall Islands,MHL,2007,0
Marshall Islands,MHL,2008,0
Marshall Islands,MHL,2009,6.4
Marshall Islands,MHL,2010,0
Marshall Islands,MHL,2011,0
Marshall Islands,MHL,2013,2.9
Marshall Islands,MHL,2014,0
Marshall Islands,MHL,2016,0
Marshall Islands,MHL,2017,0
Marshall Islands,MHL,2019,2.1
Marshall Islands,MHL,2020,0
Mauritania,MRT,2000,28
Mauritania,MRT,2001,23
Mauritania,MRT,2002,19
Mauritania,MRT,2003,11
Mauritania,MRT,2004,15
Mauritania,MRT,2005,15
Mauritania,MRT,2006,14
Mauritania,MRT,2007,14
Mauritania,MRT,2008,7.9
Mauritania,MRT,2009,12
Mauritania,MRT,2010,11
Mauritania,MRT,2011,9.7
Mauritania,MRT,2012,8.8
Mauritania,MRT,2013,7.7
Mauritania,MRT,2014,6.7
Mauritania,MRT,2015,5.7
Mauritania,MRT,2016,4.9
Mauritania,MRT,2017,4.3
Mauritania,MRT,2018,3.7
Mauritania,MRT,2019,3.3
Mauritania,MRT,2020,3
Mauritius,MUS,2000,2.4
Mauritius,MUS,2001,1.8
Mauritius,MUS,2002,2
Mauritius,MUS,2003,0.37
Mauritius,MUS,2004,0.24
Mauritius,MUS,2005,0.22
Mauritius,MUS,2006,0.58
Mauritius,MUS,2007,0.72
Mauritius,MUS,2008,0.97
Mauritius,MUS,2009,0.69
Mauritius,MUS,2010,0.73
Mauritius,MUS,2011,0.79
Mauritius,MUS,2012,0.98
Mauritius,MUS,2013,2.3
Mauritius,MUS,2014,1.4
Mauritius,MUS,2015,1.4
Mauritius,MUS,2016,1.7
Mauritius,MUS,2017,2.1
Mauritius,MUS,2018,2.8
Mauritius,MUS,2019,3.1
Mauritius,MUS,2020,2.2
Mexico,MEX,2000,1.5
Mexico,MEX,2001,1.3
Mexico,MEX,2002,1.1
Mexico,MEX,2003,1.1
Mexico,MEX,2004,0.84
Mexico,MEX,2005,1.1
Mexico,MEX,2006,1.1
Mexico,MEX,2007,1.2
Mexico,MEX,2008,1.2
Mexico,MEX,2009,1.1
Mexico,MEX,2010,1.1
Mexico,MEX,2011,1.3
Mexico,MEX,2012,1.8
Mexico,MEX,2013,1.6
Mexico,MEX,2014,1.5
Mexico,MEX,2015,2.5
Mexico,MEX,2016,2.8
Mexico,MEX,2017,2.8
Mexico,MEX,2018,2.2
Mexico,MEX,2019,2.8
Mexico,MEX,2020,3
Micronesia (country),FSM,2011,0
Micronesia (country),FSM,2014,0
Micronesia (country),FSM,2015,0
Micronesia (country),FSM,2016,0
Micronesia (country),FSM,2017,0
Micronesia (country),FSM,2019,0
Micronesia (country),FSM,2020,0
Moldova,MDA,2000,6
Moldova,MDA,2001,6.6
Moldova,MDA,2002,6.5
Moldova,MDA,2003,7.3
Moldova,MDA,2004,8.4
Moldova,MDA,2005,0.2
Moldova,MDA,2006,11
Moldova,MDA,2007,5.1
Moldova,MDA,2008,6.3
Moldova,MDA,2009,6.4
Moldova,MDA,2010,6.9
Moldova,MDA,2011,6.8
Moldova,MDA,2012,7.9
Moldova,MDA,2013,7.7
Moldova,MDA,2014,8.7
Moldova,MDA,2015,8.9
Moldova,MDA,2016,8.8
Moldova,MDA,2017,7.9
Moldova,MDA,2018,7.4
Moldova,MDA,2019,8.4
Moldova,MDA,2020,9.6
Mongolia,MNG,2000,0.31
Mongolia,MNG,2001,0.39
Mongolia,MNG,2002,0.51
Mongolia,MNG,2003,0.67
Mongolia,MNG,2004,0.85
Mongolia,MNG,2005,1.1
Mongolia,MNG,2006,1.3
Mongolia,MNG,2007,0.64
Mongolia,MNG,2008,0.64
Mongolia,MNG,2009,0
Mongolia,MNG,2010,0.2
Mongolia,MNG,2011,0.36
Mongolia,MNG,2012,0.49
Mongolia,MNG,2013,0.59
Mongolia,MNG,2014,0.98
Mongolia,MNG,2015,0.69
Mongolia,MNG,2016,1
Mongolia,MNG,2017,0.79
Mongolia,MNG,2018,0.48
Mongolia,MNG,2019,0.52
Mongolia,MNG,2020,0.52
Montenegro,MNE,2005,0.16
Montenegro,MNE,2006,0.19
Montenegro,MNE,2007,0.19
Montenegro,MNE,2008,0.18
Montenegro,MNE,2009,0
Montenegro,MNE,2010,0.24
Montenegro,MNE,2011,0
Montenegro,MNE,2012,0
Montenegro,MNE,2013,0.45
Montenegro,MNE,2014,0
Montenegro,MNE,2015,0.2
Montenegro,MNE,2016,0
Montenegro,MNE,2017,0
Montenegro,MNE,2018,0.18
Montenegro,MNE,2019,0
Montenegro,MNE,2020,0
Morocco,MAR,2000,1.9
Morocco,MAR,2001,1.6
Morocco,MAR,2002,1.5
Morocco,MAR,2003,1.3
Morocco,MAR,2004,1.3
Morocco,MAR,2005,1.4
Morocco,MAR,2006,1.5
Morocco,MAR,2007,0.46
Morocco,MAR,2008,0.38
Morocco,MAR,2009,0.38
Morocco,MAR,2010,1.7
Morocco,MAR,2011,1.8
Morocco,MAR,2012,0.63
Morocco,MAR,2013,1.7
Morocco,MAR,2014,1.6
Morocco,MAR,2015,1.5
Morocco,MAR,2016,1.4
Morocco,MAR,2017,1.3
Morocco,MAR,2018,1.2
Morocco,MAR,2019,1.1
Morocco,MAR,2020,1.1
Mozambique,MOZ,2000,222
Mozambique,MOZ,2001,211
Mozambique,MOZ,2002,204
Mozambique,MOZ,2003,201
Mozambique,MOZ,2004,202
Mozambique,MOZ,2005,209
Mozambique,MOZ,2006,217
Mozambique,MOZ,2007,165
Mozambique,MOZ,2008,211
Mozambique,MOZ,2009,233
Mozambique,MOZ,2010,216
Mozambique,MOZ,2011,221
Mozambique,MOZ,2012,211
Mozambique,MOZ,2013,194
Mozambique,MOZ,2014,189
Mozambique,MOZ,2015,186
Mozambique,MOZ,2016,160
Mozambique,MOZ,2017,145
Mozambique,MOZ,2018,129
Mozambique,MOZ,2019,122
Mozambique,MOZ,2020,101
Myanmar,MMR,2000,77
Myanmar,MMR,2001,68
Myanmar,MMR,2002,63
Myanmar,MMR,2003,60
Myanmar,MMR,2004,60
Myanmar,MMR,2005,62
Myanmar,MMR,2006,59
Myanmar,MMR,2007,58
Myanmar,MMR,2008,58
Myanmar,MMR,2009,58
Myanmar,MMR,2010,52
Myanmar,MMR,2011,47
Myanmar,MMR,2012,44
Myanmar,MMR,2013,40
Myanmar,MMR,2014,44
Myanmar,MMR,2015,35
Myanmar,MMR,2016,35
Myanmar,MMR,2017,31
Myanmar,MMR,2018,29
Myanmar,MMR,2019,25
Myanmar,MMR,2020,26
Namibia,NAM,2000,770
Namibia,NAM,2001,816
Namibia,NAM,2002,846
Namibia,NAM,2003,863
Namibia,NAM,2004,870
Namibia,NAM,2005,873
Namibia,NAM,2006,864
Namibia,NAM,2007,830
Namibia,NAM,2008,626
Namibia,NAM,2009,565
Namibia,NAM,2010,490
Namibia,NAM,2011,405
Namibia,NAM,2012,356
Namibia,NAM,2013,317
Namibia,NAM,2014,296
Namibia,NAM,2015,256
Namibia,NAM,2016,230
Namibia,NAM,2017,205
Namibia,NAM,2018,182
Namibia,NAM,2019,158
Namibia,NAM,2020,141
Nepal,NPL,2000,13
Nepal,NPL,2001,12
Nepal,NPL,2002,11
Nepal,NPL,2003,11
Nepal,NPL,2004,11
Nepal,NPL,2005,12
Nepal,NPL,2006,12
Nepal,NPL,2007,8.1
Nepal,NPL,2008,12
Nepal,NPL,2009,12
Nepal,NPL,2010,5.3
Nepal,NPL,2011,10
Nepal,NPL,2012,9.7
Nepal,NPL,2013,8.9
Nepal,NPL,2014,7.9
Nepal,NPL,2015,7
Nepal,NPL,2016,2.9
Nepal,NPL,2017,2.8
Nepal,NPL,2018,2.2
Nepal,NPL,2019,1.7
Nepal,NPL,2020,4.6
Netherlands,NLD,2000,0.73
Netherlands,NLD,2001,0.79
Netherlands,NLD,2002,0.71
Netherlands,NLD,2003,0.63
Netherlands,NLD,2004,0.32
Netherlands,NLD,2005,0.43
Netherlands,NLD,2006,0.32
Netherlands,NLD,2007,0.26
Netherlands,NLD,2008,0.26
Netherlands,NLD,2009,0.31
Netherlands,NLD,2010,0.28
Netherlands,NLD,2011,0.25
Netherlands,NLD,2012,0.23
Netherlands,NLD,2013,0.18
Netherlands,NLD,2014,0.17
Netherlands,NLD,2015,0.17
Netherlands,NLD,2016,0.2
Netherlands,NLD,2017,0.22
Netherlands,NLD,2018,0.21
Netherlands,NLD,2019,0.17
Netherlands,NLD,2020,0.13
New Zealand,NZL,2000,0.41
New Zealand,NZL,2001,0.42
New Zealand,NZL,2002,0.34
New Zealand,NZL,2003,0.39
New Zealand,NZL,2004,0.3
New Zealand,NZL,2005,0.23
New Zealand,NZL,2006,0.2
New Zealand,NZL,2007,0.14
New Zealand,NZL,2008,0.14
New Zealand,NZL,2009,0.15
New Zealand,NZL,2010,0.13
New Zealand,NZL,2011,0.14
New Zealand,NZL,2012,0.13
New Zealand,NZL,2013,0
New Zealand,NZL,2014,0.07
New Zealand,NZL,2015,0.03
New Zealand,NZL,2016,0.06
New Zealand,NZL,2017,0.03
New Zealand,NZL,2018,0.03
New Zealand,NZL,2019,0.05
New Zealand,NZL,2020,0.05
Nicaragua,NIC,2000,2.1
Nicaragua,NIC,2001,1.9
Nicaragua,NIC,2002,1.5
Nicaragua,NIC,2003,1.5
Nicaragua,NIC,2004,1.5
Nicaragua,NIC,2005,1.4
Nicaragua,NIC,2006,1.5
Nicaragua,NIC,2007,1.9
Nicaragua,NIC,2008,1.9
Nicaragua,NIC,2009,1.9
Nicaragua,NIC,2010,2
Nicaragua,NIC,2011,2.3
Nicaragua,NIC,2012,2.4
Nicaragua,NIC,2013,2.3
Nicaragua,NIC,2014,2.1
Nicaragua,NIC,2015,2.5
Nicaragua,NIC,2016,2.2
Nicaragua,NIC,2017,2.1
Nicaragua,NIC,2018,2.2
Nicaragua,NIC,2019,2.1
Nicaragua,NIC,2020,2.4
Niger,NER,2000,26
Niger,NER,2001,21
Niger,NER,2002,17
Niger,NER,2003,14
Niger,NER,2004,12
Niger,NER,2005,12
Niger,NER,2006,11
Niger,NER,2007,11
Niger,NER,2008,14
Niger,NER,2009,13
Niger,NER,2010,12
Niger,NER,2011,6.7
Niger,NER,2012,6.1
Niger,NER,2013,5.3
Niger,NER,2014,6.8
Niger,NER,2015,5.2
Niger,NER,2016,4.6
Niger,NER,2017,3.8
Niger,NER,2018,3.5
Niger,NER,2019,3
Niger,NER,2020,3
Nigeria,NGA,2000,63
Nigeria,NGA,2001,55
Nigeria,NGA,2002,49
Nigeria,NGA,2003,45
Nigeria,NGA,2004,43
Nigeria,NGA,2005,44
Nigeria,NGA,2006,46
Nigeria,NGA,2007,48
Nigeria,NGA,2008,60
Nigeria,NGA,2009,56
Nigeria,NGA,2010,54
Nigeria,NGA,2011,57
Nigeria,NGA,2012,51
Nigeria,NGA,2013,48
Nigeria,NGA,2014,42
Nigeria,NGA,2015,37
Nigeria,NGA,2016,34
Nigeria,NGA,2017,30
Nigeria,NGA,2018,27
Nigeria,NGA,2019,23
Nigeria,NGA,2020,17
Niue,NIU,2017,0
Niue,NIU,2018,14
Niue,NIU,2019,0
Niue,NIU,2020,0.48
North Macedonia,MKD,2000,0.03
North Macedonia,MKD,2001,0.03
North Macedonia,MKD,2002,0.03
North Macedonia,MKD,2003,0.03
North Macedonia,MKD,2004,0.04
North Macedonia,MKD,2005,0.04
North Macedonia,MKD,2006,0.05
North Macedonia,MKD,2007,0.05
North Macedonia,MKD,2008,0.05
North Macedonia,MKD,2009,0.06
North Macedonia,MKD,2010,0.06
North Macedonia,MKD,2011,0.06
North Macedonia,MKD,2012,0.07
North Macedonia,MKD,2013,0
North Macedonia,MKD,2014,0.1
North Macedonia,MKD,2015,0
North Macedonia,MKD,2016,0
North Macedonia,MKD,2017,0
North Macedonia,MKD,2018,0.06
North Macedonia,MKD,2019,0.08
North Macedonia,MKD,2020,0.06
Norway,NOR,2000,0.27
Norway,NOR,2001,0.33
Norway,NOR,2002,0.28
Norway,NOR,2003,0.37
Norway,NOR,2004,0.29
Norway,NOR,2005,0.25
Norway,NOR,2006,0.21
Norway,NOR,2007,0.19
Norway,NOR,2008,0.19
Norway,NOR,2009,0.21
Norway,NOR,2010,0.19
Norway,NOR,2011,0.2
Norway,NOR,2012,0.2
Norway,NOR,2013,0.19
Norway,NOR,2014,0.15
Norway,NOR,2015,0.13
Norway,NOR,2016,0.24
Norway,NOR,2017,0.11
Norway,NOR,2018,0.16
Norway,NOR,2019,0.15
Norway,NOR,2020,0.06
Oman,OMN,2000,1
Oman,OMN,2001,0.86
Oman,OMN,2002,0.78
Oman,OMN,2003,0.81
Oman,OMN,2004,0.48
Oman,OMN,2005,0.47
Oman,OMN,2006,0.45
Oman,OMN,2007,0.61
Oman,OMN,2008,0.33
Oman,OMN,2009,0.12
Oman,OMN,2010,0.15
Oman,OMN,2011,0.28
Oman,OMN,2012,0.46
Oman,OMN,2013,0.15
Oman,OMN,2014,0.09
Oman,OMN,2015,0.11
Oman,OMN,2016,0.31
Oman,OMN,2017,0.08
Oman,OMN,2018,0.15
Oman,OMN,2019,0.24
Oman,OMN,2020,0.19
Pakistan,PAK,2000,0.08
Pakistan,PAK,2001,0
Pakistan,PAK,2002,0
Pakistan,PAK,2003,0.1
Pakistan,PAK,2004,0.31
Pakistan,PAK,2005,0.63
Pakistan,PAK,2006,1.1
Pakistan,PAK,2007,1.6
Pakistan,PAK,2008,2.1
Pakistan,PAK,2009,2.7
Pakistan,PAK,2010,0.83
Pakistan,PAK,2011,3.7
Pakistan,PAK,2012,4.1
Pakistan,PAK,2013,4.3
Pakistan,PAK,2014,4.3
Pakistan,PAK,2015,1.4
Pakistan,PAK,2016,1.4
Pakistan,PAK,2017,1.2
Pakistan,PAK,2018,1.8
Pakistan,PAK,2019,2.4
Pakistan,PAK,2020,6.2
Palau,PLW,2004,0
Palau,PLW,2005,0
Palau,PLW,2006,0
Palau,PLW,2009,0
Palau,PLW,2010,0
Palau,PLW,2011,7.8
Palau,PLW,2012,0
Palau,PLW,2013,6.5
Palau,PLW,2014,0
Palau,PLW,2015,0
Palau,PLW,2016,0
Palau,PLW,2017,0
Palau,PLW,2018,0
Palau,PLW,2019,0
Palau,PLW,2020,0
Panama,PAN,2000,6.7
Panama,PAN,2001,8.4
Panama,PAN,2002,6.8
Panama,PAN,2003,6.5
Panama,PAN,2004,6.7
Panama,PAN,2005,7.8
Panama,PAN,2006,8.8
Panama,PAN,2007,9.2
Panama,PAN,2008,10
Panama,PAN,2009,7.4
Panama,PAN,2010,8.1
Panama,PAN,2011,8.2
Panama,PAN,2012,7.5
Panama,PAN,2013,7.1
Panama,PAN,2014,3.8
Panama,PAN,2015,7.4
Panama,PAN,2016,8.7
Panama,PAN,2017,12
Panama,PAN,2018,9.5
Panama,PAN,2019,8.1
Panama,PAN,2020,8.2
Papua New Guinea,PNG,2000,33
Papua New Guinea,PNG,2001,33
Papua New Guinea,PNG,2002,34
Papua New Guinea,PNG,2003,36
Papua New Guinea,PNG,2004,39
Papua New Guinea,PNG,2005,43
Papua New Guinea,PNG,2006,46
Papua New Guinea,PNG,2007,50
Papua New Guinea,PNG,2008,16
Papua New Guinea,PNG,2009,52
Papua New Guinea,PNG,2010,52
Papua New Guinea,PNG,2011,53
Papua New Guinea,PNG,2012,54
Papua New Guinea,PNG,2013,53
Papua New Guinea,PNG,2014,52
Papua New Guinea,PNG,2015,50
Papua New Guinea,PNG,2016,48
Papua New Guinea,PNG,2017,48
Papua New Guinea,PNG,2018,47
Papua New Guinea,PNG,2019,46
Papua New Guinea,PNG,2020,30
Paraguay,PRY,2000,3.6
Paraguay,PRY,2001,3.3
Paraguay,PRY,2002,3
Paraguay,PRY,2003,3
Paraguay,PRY,2004,3
Paraguay,PRY,2005,2.8
Paraguay,PRY,2006,3.3
Paraguay,PRY,2007,0.87
Paraguay,PRY,2008,3.1
Paraguay,PRY,2009,3.2
Paraguay,PRY,2010,0.84
Paraguay,PRY,2011,4.9
Paraguay,PRY,2012,3.4
Paraguay,PRY,2013,3.9
Paraguay,PRY,2014,3.9
Paraguay,PRY,2015,3.6
Paraguay,PRY,2016,4
Paraguay,PRY,2017,3.6
Paraguay,PRY,2018,3.7
Paraguay,PRY,2019,3.8
Paraguay,PRY,2020,4.9
Peru,PER,2000,16
Peru,PER,2001,13
Peru,PER,2002,10
Peru,PER,2003,8.2
Peru,PER,2004,7.9
Peru,PER,2005,8.1
Peru,PER,2006,8.6
Peru,PER,2007,8.6
Peru,PER,2008,8.5
Peru,PER,2009,2.1
Peru,PER,2010,2.7
Peru,PER,2011,8.1
Peru,PER,2012,7.7
Peru,PER,2013,7.5
Peru,PER,2014,7.4
Peru,PER,2015,7.4
Peru,PER,2016,7
Peru,PER,2017,5.7
Peru,PER,2018,7.1
Peru,PER,2019,7.5
Peru,PER,2020,7.3
Philippines,PHL,2000,0.42
Philippines,PHL,2001,0.35
Philippines,PHL,2002,0.36
Philippines,PHL,2003,0.44
Philippines,PHL,2004,0.59
Philippines,PHL,2005,0.79
Philippines,PHL,2006,1
Philippines,PHL,2007,1.3
Philippines,PHL,2008,1.8
Philippines,PHL,2009,2.4
Philippines,PHL,2010,3.2
Philippines,PHL,2011,4
Philippines,PHL,2012,4.9
Philippines,PHL,2013,5.7
Philippines,PHL,2014,6.5
Philippines,PHL,2015,7.2
Philippines,PHL,2016,8.1
Philippines,PHL,2017,9
Philippines,PHL,2018,9.9
Philippines,PHL,2019,11
Philippines,PHL,2020,11
Poland,POL,2000,0.84
Poland,POL,2001,0.75
Poland,POL,2002,0.7
Poland,POL,2003,0.65
Poland,POL,2004,0.51
Poland,POL,2005,0.42
Poland,POL,2006,0.35
Poland,POL,2007,0.3
Poland,POL,2008,0.27
Poland,POL,2009,0.28
Poland,POL,2010,0.26
Poland,POL,2011,0.28
Poland,POL,2012,0.24
Poland,POL,2013,0.21
Poland,POL,2014,0.19
Poland,POL,2015,0.18
Poland,POL,2016,0.19
Poland,POL,2017,0.18
Poland,POL,2018,0.18
Poland,POL,2019,0.17
Poland,POL,2020,0.11
Portugal,PRT,2000,13
Portugal,PRT,2001,12
Portugal,PRT,2002,11
Portugal,PRT,2003,9.4
Portugal,PRT,2004,9.9
Portugal,PRT,2005,8.3
Portugal,PRT,2006,6.7
Portugal,PRT,2007,5.6
Portugal,PRT,2008,4.5
Portugal,PRT,2009,4.7
Portugal,PRT,2010,3.4
Portugal,PRT,2011,3.9
Portugal,PRT,2012,3.6
Portugal,PRT,2013,3.2
Portugal,PRT,2014,3.7
Portugal,PRT,2015,3.3
Portugal,PRT,2016,2.8
Portugal,PRT,2017,2.2
Portugal,PRT,2018,1.8
Portugal,PRT,2019,2
Portugal,PRT,2020,1.5
Qatar,QAT,2000,0.32
Qatar,QAT,2001,0.31
Qatar,QAT,2002,0.28
Qatar,QAT,2003,0
Qatar,QAT,2004,0.15
Qatar,QAT,2005,0
Qatar,QAT,2006,0
Qatar,QAT,2007,0
Qatar,QAT,2008,0
Qatar,QAT,2009,0
Qatar,QAT,2010,0.05
Qatar,QAT,2011,0.06
Qatar,QAT,2012,0.04
Qatar,QAT,2013,0.03
Qatar,QAT,2014,0
Qatar,QAT,2015,0.02
Qatar,QAT,2016,0.02
Qatar,QAT,2017,0.02
Qatar,QAT,2018,0.03
Qatar,QAT,2019,0.04
Qatar,QAT,2020,0.08
Romania,ROU,2000,2.5
Romania,ROU,2001,2.3
Romania,ROU,2002,2.3
Romania,ROU,2003,2.2
Romania,ROU,2004,2.2
Romania,ROU,2005,2.2
Romania,ROU,2006,2.3
Romania,ROU,2007,2.4
Romania,ROU,2008,4
Romania,ROU,2009,2.5
Romania,ROU,2010,3.3
Romania,ROU,2011,2.2
Romania,ROU,2012,2.2
Romania,ROU,2013,2.4
Romania,ROU,2014,2.4
Romania,ROU,2015,2.1
Romania,ROU,2016,1.9
Romania,ROU,2017,1.5
Romania,ROU,2018,1.6
Romania,ROU,2019,1.2
Romania,ROU,2020,1.4
Russia,RUS,2000,1.5
Russia,RUS,2001,1.6
Russia,RUS,2002,1.9
Russia,RUS,2003,2.3
Russia,RUS,2004,2.9
Russia,RUS,2005,3.6
Russia,RUS,2006,4.4
Russia,RUS,2007,5.2
Russia,RUS,2008,5.4
Russia,RUS,2009,7.1
Russia,RUS,2010,7.2
Russia,RUS,2011,7.6
Russia,RUS,2012,7.9
Russia,RUS,2013,7.9
Russia,RUS,2014,7.8
Russia,RUS,2015,7.5
Russia,RUS,2016,13
Russia,RUS,2017,11
Russia,RUS,2018,11
Russia,RUS,2019,12
Russia,RUS,2020,11
Rwanda,RWA,2000,51
Rwanda,RWA,2001,39
Rwanda,RWA,2002,39
Rwanda,RWA,2003,40
Rwanda,RWA,2004,36
Rwanda,RWA,2005,46
Rwanda,RWA,2006,46
Rwanda,RWA,2007,40
Rwanda,RWA,2008,34
Rwanda,RWA,2009,32
Rwanda,RWA,2010,27
Rwanda,RWA,2011,23
Rwanda,RWA,2012,19
Rwanda,RWA,2013,16
Rwanda,RWA,2014,16
Rwanda,RWA,2015,17
Rwanda,RWA,2016,13
Rwanda,RWA,2017,13
Rwanda,RWA,2018,12
Rwanda,RWA,2019,12
Rwanda,RWA,2020,11
Saint Kitts and Nevis,KNA,2009,0
Saint Kitts and Nevis,KNA,2010,0
Saint Kitts and Nevis,KNA,2011,0
Saint Kitts and Nevis,KNA,2012,0
Saint Kitts and Nevis,KNA,2017,0
Saint Lucia,LCA,2003,0
Saint Lucia,LCA,2006,0
Saint Lucia,LCA,2007,1.4
Saint Lucia,LCA,2008,3.2
Saint Lucia,LCA,2009,2.4
Saint Lucia,LCA,2010,0
Saint Lucia,LCA,2011,0.66
Saint Lucia,LCA,2012,0.65
Saint Lucia,LCA,2013,0
Saint Lucia,LCA,2014,0.64
Saint Lucia,LCA,2015,1.3
Saint Lucia,LCA,2016,0.64
Saint Lucia,LCA,2017,0
Saint Lucia,LCA,2018,0.63
Saint Lucia,LCA,2019,0.63
Saint Lucia,LCA,2020,0
Saint Vincent and the Grenadines,VCT,2004,1.7
Saint Vincent and the Grenadines,VCT,2005,1.1
Saint Vincent and the Grenadines,VCT,2006,3.4
Saint Vincent and the Grenadines,VCT,2007,7.4
Saint Vincent and the Grenadines,VCT,2008,5.1
Saint Vincent and the Grenadines,VCT,2009,6.8
Saint Vincent and the Grenadines,VCT,2011,6.9
Saint Vincent and the Grenadines,VCT,2015,1.1
Saint Vincent and the Grenadines,VCT,2016,0
Saint Vincent and the Grenadines,VCT,2018,0
Saint Vincent and the Grenadines,VCT,2019,0
Saint Vincent and the Grenadines,VCT,2020,2.1
Samoa,WSM,2016,0
Samoa,WSM,2017,0
Samoa,WSM,2018,0
Samoa,WSM,2019,0
Samoa,WSM,2020,0
Sao Tome and Principe,STP,2000,29
Sao Tome and Principe,STP,2001,24
Sao Tome and Principe,STP,2002,19
Sao Tome and Principe,STP,2003,2.9
Sao Tome and Principe,STP,2004,18
Sao Tome and Principe,STP,2005,5
Sao Tome and Principe,STP,2006,21
Sao Tome and Principe,STP,2007,8.4
Sao Tome and Principe,STP,2008,5.9
Sao Tome and Principe,STP,2009,9.8
Sao Tome and Principe,STP,2010,14
Sao Tome and Principe,STP,2011,13
Sao Tome and Principe,STP,2012,15
Sao Tome and Principe,STP,2013,27
Sao Tome and Principe,STP,2014,25
Sao Tome and Principe,STP,2015,21
Sao Tome and Principe,STP,2016,32
Sao Tome and Principe,STP,2017,18
Sao Tome and Principe,STP,2018,18
Sao Tome and Principe,STP,2019,19
Sao Tome and Principe,STP,2020,7.9
Saudi Arabia,SAU,2000,0.21
Saudi Arabia,SAU,2001,0.2
Saudi Arabia,SAU,2002,0.19
Saudi Arabia,SAU,2003,0.17
Saudi Arabia,SAU,2004,0.16
Saudi Arabia,SAU,2005,0.14
Saudi Arabia,SAU,2006,0.13
Saudi Arabia,SAU,2007,0.11
Saudi Arabia,SAU,2008,0.11
Saudi Arabia,SAU,2009,0.1
Saudi Arabia,SAU,2010,0.44
Saudi Arabia,SAU,2011,0.36
Saudi Arabia,SAU,2012,0.34
Saudi Arabia,SAU,2013,0.07
Saudi Arabia,SAU,2014,0.06
Saudi Arabia,SAU,2015,0.07
Saudi Arabia,SAU,2016,0.24
Saudi Arabia,SAU,2017,0.38
Saudi Arabia,SAU,2018,0.14
Saudi Arabia,SAU,2019,0.22
Saudi Arabia,SAU,2020,0.2
Senegal,SEN,2000,22
Senegal,SEN,2001,19
Senegal,SEN,2002,17
Senegal,SEN,2003,16
Senegal,SEN,2004,15
Senegal,SEN,2005,15
Senegal,SEN,2006,16
Senegal,SEN,2007,16
Senegal,SEN,2008,15
Senegal,SEN,2009,15
Senegal,SEN,2010,13
Senegal,SEN,2011,13
Senegal,SEN,2012,11
Senegal,SEN,2013,10
Senegal,SEN,2014,9.2
Senegal,SEN,2015,8.5
Senegal,SEN,2016,7.7
Senegal,SEN,2017,7.4
Senegal,SEN,2018,5.7
Senegal,SEN,2019,5.9
Senegal,SEN,2020,5.8
Serbia,SRB,2005,0.07
Serbia,SRB,2006,0.07
Serbia,SRB,2007,0.07
Serbia,SRB,2008,0.07
Serbia,SRB,2009,0.07
Serbia,SRB,2010,0.08
Serbia,SRB,2011,0.08
Serbia,SRB,2012,0.08
Serbia,SRB,2013,0.09
Serbia,SRB,2014,0.07
Serbia,SRB,2015,0.07
Serbia,SRB,2016,0.06
Serbia,SRB,2017,0.06
Serbia,SRB,2018,0.05
Serbia,SRB,2019,0.05
Serbia,SRB,2020,0.04
Seychelles,SYC,2003,0
Seychelles,SYC,2008,0
Seychelles,SYC,2009,11
Seychelles,SYC,2010,1.3
Seychelles,SYC,2011,5
Seychelles,SYC,2012,3.5
Seychelles,SYC,2013,1.2
Seychelles,SYC,2014,1.2
Seychelles,SYC,2015,0
Seychelles,SYC,2016,1.3
Seychelles,SYC,2017,0
Seychelles,SYC,2018,1.2
Seychelles,SYC,2019,2.4
Seychelles,SYC,2020,2.3
Sierra Leone,SLE,2000,96
Sierra Leone,SLE,2001,85
Sierra Leone,SLE,2002,77
Sierra Leone,SLE,2003,72
Sierra Leone,SLE,2004,70
Sierra Leone,SLE,2005,34
Sierra Leone,SLE,2006,76
Sierra Leone,SLE,2007,35
Sierra Leone,SLE,2008,35
Sierra Leone,SLE,2009,36
Sierra Leone,SLE,2010,32
Sierra Leone,SLE,2011,28
Sierra Leone,SLE,2012,36
Sierra Leone,SLE,2013,40
Sierra Leone,SLE,2014,37
Sierra Leone,SLE,2015,42
Sierra Leone,SLE,2016,43
Sierra Leone,SLE,2017,37
Sierra Leone,SLE,2018,38
Sierra Leone,SLE,2019,39
Sierra Leone,SLE,2020,42
Singapore,SGP,2000,4.5
Singapore,SGP,2001,3.8
Singapore,SGP,2002,3.5
Singapore,SGP,2003,3.3
Singapore,SGP,2004,2.7
Singapore,SGP,2005,2.2
Singapore,SGP,2006,1.7
Singapore,SGP,2007,1.5
Singapore,SGP,2008,1.5
Singapore,SGP,2009,1.6
Singapore,SGP,2010,1.5
Singapore,SGP,2011,1.6
Singapore,SGP,2012,1.2
Singapore,SGP,2013,1.3
Singapore,SGP,2014,1.2
Singapore,SGP,2015,0.81
Singapore,SGP,2016,0.78
Singapore,SGP,2017,0.7
Singapore,SGP,2018,0.6
Singapore,SGP,2019,0.81
Singapore,SGP,2020,0.46
Slovakia,SVK,2000,0.09
Slovakia,SVK,2001,0.08
Slovakia,SVK,2002,0.08
Slovakia,SVK,2003,0.07
Slovakia,SVK,2004,0
Slovakia,SVK,2005,0.02
Slovakia,SVK,2006,0
Slovakia,SVK,2007,0
Slovakia,SVK,2008,0
Slovakia,SVK,2009,0.02
Slovakia,SVK,2010,0.02
Slovakia,SVK,2011,0
Slovakia,SVK,2012,0
Slovakia,SVK,2013,0
Slovakia,SVK,2014,0
Slovakia,SVK,2015,0.02
Slovakia,SVK,2016,0.02
Slovakia,SVK,2017,0
Slovakia,SVK,2018,0.03
Slovakia,SVK,2019,0.12
Slovakia,SVK,2020,0.01
Slovenia,SVN,2000,0.26
Slovenia,SVN,2001,0.27
Slovenia,SVN,2002,0.26
Slovenia,SVN,2003,0.22
Slovenia,SVN,2004,0.19
Slovenia,SVN,2005,0.19
Slovenia,SVN,2006,0.13
Slovenia,SVN,2007,0.12
Slovenia,SVN,2008,0
Slovenia,SVN,2009,0
Slovenia,SVN,2010,0.07
Slovenia,SVN,2011,0
Slovenia,SVN,2012,0
Slovenia,SVN,2013,0.07
Slovenia,SVN,2014,0
Slovenia,SVN,2015,0
Slovenia,SVN,2016,0.07
Slovenia,SVN,2017,0.06
Slovenia,SVN,2018,0.05
Slovenia,SVN,2019,0.07
Slovenia,SVN,2020,0
Somalia,SOM,2000,15
Somalia,SOM,2001,13
Somalia,SOM,2002,12
Somalia,SOM,2003,11
Somalia,SOM,2004,11
Somalia,SOM,2005,11
Somalia,SOM,2006,12
Somalia,SOM,2007,12
Somalia,SOM,2008,11
Somalia,SOM,2009,11
Somalia,SOM,2010,8.9
Somalia,SOM,2011,9.1
Somalia,SOM,2012,8.9
Somalia,SOM,2013,7.5
Somalia,SOM,2014,6.2
Somalia,SOM,2015,4.6
Somalia,SOM,2016,4.1
Somalia,SOM,2017,2.9
Somalia,SOM,2018,3.1
Somalia,SOM,2019,2.4
Somalia,SOM,2020,2
South Africa,ZAF,2000,573
South Africa,ZAF,2001,632
South Africa,ZAF,2002,695
South Africa,ZAF,2003,756
South Africa,ZAF,2004,812
South Africa,ZAF,2005,865
South Africa,ZAF,2006,904
South Africa,ZAF,2007,923
South Africa,ZAF,2008,911
South Africa,ZAF,2009,878
South Africa,ZAF,2010,832
South Africa,ZAF,2011,786
South Africa,ZAF,2012,743
South Africa,ZAF,2013,681
South Africa,ZAF,2014,650
South Africa,ZAF,2015,560
South Africa,ZAF,2016,478
South Africa,ZAF,2017,447
South Africa,ZAF,2018,398
South Africa,ZAF,2019,357
South Africa,ZAF,2020,394
South Korea,KOR,2000,1.1
South Korea,KOR,2001,1.7
South Korea,KOR,2002,1.4
South Korea,KOR,2003,1.3
South Korea,KOR,2004,1.1
South Korea,KOR,2005,1.1
South Korea,KOR,2006,0.89
South Korea,KOR,2007,0.73
South Korea,KOR,2008,0.69
South Korea,KOR,2009,0.74
South Korea,KOR,2010,0.77
South Korea,KOR,2011,0.78
South Korea,KOR,2012,0.72
South Korea,KOR,2013,0.63
South Korea,KOR,2014,0.6
South Korea,KOR,2015,0.58
South Korea,KOR,2016,0.6
South Korea,KOR,2017,0.58
South Korea,KOR,2018,0.56
South Korea,KOR,2019,0.53
South Korea,KOR,2020,0.45
South Sudan,SSD,2011,33
South Sudan,SSD,2012,71
South Sudan,SSD,2013,33
South Sudan,SSD,2014,29
South Sudan,SSD,2015,26
South Sudan,SSD,2016,28
South Sudan,SSD,2017,28
South Sudan,SSD,2018,27
South Sudan,SSD,2019,26
South Sudan,SSD,2020,27
South-east Asia,,2000,33
South-east Asia,,2001,28
South-east Asia,,2002,24
South-east Asia,,2003,21
South-east Asia,,2004,19
South-east Asia,,2005,19
South-east Asia,,2006,18
South-east Asia,,2007,17
South-east Asia,,2008,17
South-east Asia,,2009,16
South-east Asia,,2010,15
South-east Asia,,2011,14
South-east Asia,,2012,13
South-east Asia,,2013,11
South-east Asia,,2014,10
South-east Asia,,2015,9
South-east Asia,,2016,7.4
South-east Asia,,2017,6.6
South-east Asia,,2018,7.2
South-east Asia,,2019,5.7
South-east Asia,,2020,4.8
Spain,ESP,2000,5.4
Spain,ESP,2001,4.2
Spain,ESP,2002,4
Spain,ESP,2003,4.8
Spain,ESP,2004,2.5
Spain,ESP,2005,2.6
Spain,ESP,2006,2.3
Spain,ESP,2007,1.8
Spain,ESP,2008,1.7
Spain,ESP,2009,1.5
Spain,ESP,2010,1.6
Spain,ESP,2011,1.4
Spain,ESP,2012,1.2
Spain,ESP,2013,0.86
Spain,ESP,2014,0.86
Spain,ESP,2015,0.64
Spain,ESP,2016,0.77
Spain,ESP,2017,0.73
Spain,ESP,2018,0.76
Spain,ESP,2019,0.69
Spain,ESP,2020,0.49
Sri Lanka,LKA,2000,0.35
Sri Lanka,LKA,2001,0.32
Sri Lanka,LKA,2002,0.31
Sri Lanka,LKA,2003,0.31
Sri Lanka,LKA,2004,0.32
Sri Lanka,LKA,2005,0.35
Sri Lanka,LKA,2006,0.13
Sri Lanka,LKA,2007,0.13
Sri Lanka,LKA,2008,0.41
Sri Lanka,LKA,2009,0.41
Sri Lanka,LKA,2010,0.66
Sri Lanka,LKA,2011,0.4
Sri Lanka,LKA,2012,0.39
Sri Lanka,LKA,2013,0.37
Sri Lanka,LKA,2014,0.18
Sri Lanka,LKA,2015,0.21
Sri Lanka,LKA,2016,0.1
Sri Lanka,LKA,2017,0.23
Sri Lanka,LKA,2018,0.27
Sri Lanka,LKA,2019,0.3
Sri Lanka,LKA,2020,0.32
Sudan,SDN,2000,6
Sudan,SDN,2001,4.9
Sudan,SDN,2002,4.3
Sudan,SDN,2003,4
Sudan,SDN,2004,3.9
Sudan,SDN,2005,4.1
Sudan,SDN,2006,15
Sudan,SDN,2007,15
Sudan,SDN,2008,3.5
Sudan,SDN,2009,3.8
Sudan,SDN,2010,3.8
Sudan,SDN,2011,3.5
Sudan,SDN,2012,3.5
Sudan,SDN,2013,3.3
Sudan,SDN,2014,2.9
Sudan,SDN,2015,2.5
Sudan,SDN,2016,2.1
Sudan,SDN,2017,1.9
Sudan,SDN,2018,1.6
Sudan,SDN,2019,1.5
Sudan,SDN,2020,1.3
Suriname,SUR,2000,5.2
Suriname,SUR,2001,3.9
Suriname,SUR,2002,4.6
Suriname,SUR,2003,6.8
Suriname,SUR,2004,6.2
Suriname,SUR,2005,5.4
Suriname,SUR,2006,6.3
Suriname,SUR,2007,6.5
Suriname,SUR,2008,7.2
Suriname,SUR,2009,13
Suriname,SUR,2010,15
Suriname,SUR,2011,9.5
Suriname,SUR,2012,8.4
Suriname,SUR,2013,7.3
Suriname,SUR,2014,9.4
Suriname,SUR,2015,9.7
Suriname,SUR,2016,5.9
Suriname,SUR,2017,5.2
Suriname,SUR,2018,5.6
Suriname,SUR,2019,7.8
Suriname,SUR,2020,6.3
Sweden,SWE,2000,0.22
Sweden,SWE,2001,0.19
Sweden,SWE,2002,0.17
Sweden,SWE,2003,0.17
Sweden,SWE,2004,0.17
Sweden,SWE,2005,0.18
Sweden,SWE,2006,0.14
Sweden,SWE,2007,0.12
Sweden,SWE,2008,0.13
Sweden,SWE,2009,0.15
Sweden,SWE,2010,0.16
Sweden,SWE,2011,0.14
Sweden,SWE,2012,0.15
Sweden,SWE,2013,0.14
Sweden,SWE,2014,0.14
Sweden,SWE,2015,0.18
Sweden,SWE,2016,0.17
Sweden,SWE,2017,0.12
Sweden,SWE,2018,0.12
Sweden,SWE,2019,0.12
Sweden,SWE,2020,0.08
Switzerland,CHE,2000,1.7
Switzerland,CHE,2001,1.5
Switzerland,CHE,2002,1.4
Switzerland,CHE,2003,1.2
Switzerland,CHE,2004,1.1
Switzerland,CHE,2005,0.83
Switzerland,CHE,2006,0.63
Switzerland,CHE,2007,0.47
Switzerland,CHE,2008,0.48
Switzerland,CHE,2009,0.5
Switzerland,CHE,2010,0.49
Switzerland,CHE,2011,0.48
Switzerland,CHE,2012,0.35
Switzerland,CHE,2013,0.34
Switzerland,CHE,2014,0.29
Switzerland,CHE,2015,0.35
Switzerland,CHE,2016,0.37
Switzerland,CHE,2017,0.34
Switzerland,CHE,2018,0.3
Switzerland,CHE,2019,0.25
Switzerland,CHE,2020,0.21
Syria,SYR,2000,0.02
Syria,SYR,2001,0.02
Syria,SYR,2002,0.01
Syria,SYR,2003,0.01
Syria,SYR,2004,0.01
Syria,SYR,2005,0.01
Syria,SYR,2006,0.01
Syria,SYR,2007,0.02
Syria,SYR,2008,0.02
Syria,SYR,2009,0.02
Syria,SYR,2010,0.02
Syria,SYR,2011,0.02
Syria,SYR,2012,0.02
Syria,SYR,2013,0.02
Syria,SYR,2014,0.02
Syria,SYR,2015,0.02
Syria,SYR,2016,0.02
Syria,SYR,2017,0.02
Syria,SYR,2018,0.02
Syria,SYR,2019,0.02
Syria,SYR,2020,0.02
Tajikistan,TJK,2000,0.08
Tajikistan,TJK,2001,0
Tajikistan,TJK,2002,0
Tajikistan,TJK,2003,0.14
Tajikistan,TJK,2004,0.39
Tajikistan,TJK,2005,0.71
Tajikistan,TJK,2006,1.1
Tajikistan,TJK,2007,1.5
Tajikistan,TJK,2008,2
Tajikistan,TJK,2009,2.4
Tajikistan,TJK,2010,2.8
Tajikistan,TJK,2011,2.2
Tajikistan,TJK,2012,1.5
Tajikistan,TJK,2013,2.1
Tajikistan,TJK,2014,2.6
Tajikistan,TJK,2015,2.3
Tajikistan,TJK,2016,2.9
Tajikistan,TJK,2017,3.1
Tajikistan,TJK,2018,3.4
Tajikistan,TJK,2019,2.4
Tajikistan,TJK,2020,2.4
Tanzania,TZA,2000,309
Tanzania,TZA,2001,282
Tanzania,TZA,2002,261
Tanzania,TZA,2003,248
Tanzania,TZA,2004,240
Tanzania,TZA,2005,242
Tanzania,TZA,2006,244
Tanzania,TZA,2007,231
Tanzania,TZA,2008,223
Tanzania,TZA,2009,213
Tanzania,TZA,2010,162
Tanzania,TZA,2011,154
Tanzania,TZA,2012,145
Tanzania,TZA,2013,125
Tanzania,TZA,2014,114
Tanzania,TZA,2015,109
Tanzania,TZA,2016,98
Tanzania,TZA,2017,84
Tanzania,TZA,2018,71
Tanzania,TZA,2019,56
Tanzania,TZA,2020,47
Thailand,THA,2000,88
Thailand,THA,2001,77
Thailand,THA,2002,67
Thailand,THA,2003,59
Thailand,THA,2004,53
Thailand,THA,2005,51
Thailand,THA,2006,36
Thailand,THA,2007,35
Thailand,THA,2008,33
Thailand,THA,2009,32
Thailand,THA,2010,29
Thailand,THA,2011,26
Thailand,THA,2012,23
Thailand,THA,2013,25
Thailand,THA,2014,22
Thailand,THA,2015,21
Thailand,THA,2016,18
Thailand,THA,2017,17
Thailand,THA,2018,15
Thailand,THA,2019,15
Thailand,THA,2020,14
Togo,TGO,2000,25
Togo,TGO,2001,23
Togo,TGO,2002,22
Togo,TGO,2003,22
Togo,TGO,2004,23
Togo,TGO,2005,25
Togo,TGO,2006,27
Togo,TGO,2007,28
Togo,TGO,2008,25
Togo,TGO,2009,19
Togo,TGO,2010,19
Togo,TGO,2011,19
Togo,TGO,2012,16
Togo,TGO,2013,13
Togo,TGO,2014,12
Togo,TGO,2015,11
Togo,TGO,2016,10
Togo,TGO,2017,7.5
Togo,TGO,2018,6.5
Togo,TGO,2019,6
Togo,TGO,2020,6.3
Tonga,TON,2007,0
Tonga,TON,2008,0
Tonga,TON,2009,0
Tonga,TON,2010,0
Tonga,TON,2011,0
Tonga,TON,2012,0
Tonga,TON,2013,0
Tonga,TON,2014,0
Tonga,TON,2015,0
Tonga,TON,2016,0
Tonga,TON,2017,0
Tonga,TON,2018,0
Tonga,TON,2019,0
Tonga,TON,2020,0
Trinidad and Tobago,TTO,2000,7.7
Trinidad and Tobago,TTO,2001,7.8
Trinidad and Tobago,TTO,2002,4.8
Trinidad and Tobago,TTO,2003,5.4
Trinidad and Tobago,TTO,2004,5.6
Trinidad and Tobago,TTO,2005,5
Trinidad and Tobago,TTO,2006,1.1
Trinidad and Tobago,TTO,2007,5.7
Trinidad and Tobago,TTO,2008,5.6
Trinidad and Tobago,TTO,2009,7.3
Trinidad and Tobago,TTO,2010,4.3
Trinidad and Tobago,TTO,2011,6.4
Trinidad and Tobago,TTO,2012,6.1
Trinidad and Tobago,TTO,2013,4.6
Trinidad and Tobago,TTO,2014,5.2
Trinidad and Tobago,TTO,2015,2.7
Trinidad and Tobago,TTO,2016,3.8
Trinidad and Tobago,TTO,2017,2
Trinidad and Tobago,TTO,2018,3.2
Trinidad and Tobago,TTO,2019,2.9
Trinidad and Tobago,TTO,2020,3
Tunisia,TUN,2000,0.12
Tunisia,TUN,2001,0.11
Tunisia,TUN,2002,0.1
Tunisia,TUN,2003,0.11
Tunisia,TUN,2004,0.12
Tunisia,TUN,2005,0.15
Tunisia,TUN,2006,0.17
Tunisia,TUN,2007,0.2
Tunisia,TUN,2008,0.2
Tunisia,TUN,2009,0.2
Tunisia,TUN,2010,0.22
Tunisia,TUN,2011,0.29
Tunisia,TUN,2012,0.31
Tunisia,TUN,2013,0.29
Tunisia,TUN,2014,0.18
Tunisia,TUN,2015,0.21
Tunisia,TUN,2016,0.42
Tunisia,TUN,2017,0.16
Tunisia,TUN,2018,0.33
Tunisia,TUN,2019,0.26
Tunisia,TUN,2020,0.26
Turkey,TUR,2000,0.03
Turkey,TUR,2001,0.02
Turkey,TUR,2002,0.02
Turkey,TUR,2003,0.03
Turkey,TUR,2004,0.03
Turkey,TUR,2005,0.05
Turkey,TUR,2006,0.06
Turkey,TUR,2007,0.07
Turkey,TUR,2008,0.07
Turkey,TUR,2009,0.08
Turkey,TUR,2010,0.1
Turkey,TUR,2011,0.11
Turkey,TUR,2012,0.11
Turkey,TUR,2013,0.07
Turkey,TUR,2014,0.09
Turkey,TUR,2015,0.12
Turkey,TUR,2016,0.11
Turkey,TUR,2017,0.13
Turkey,TUR,2018,0.13
Turkey,TUR,2019,0.18
Turkey,TUR,2020,0.18
Turkmenistan,TKM,2000,4.5
Turkmenistan,TKM,2001,4.5
Turkmenistan,TKM,2002,4.8
Turkmenistan,TKM,2003,6.8
Turkmenistan,TKM,2004,6.6
Turkmenistan,TKM,2005,7.7
Turkmenistan,TKM,2006,9.5
Turkmenistan,TKM,2007,12
Turkmenistan,TKM,2008,15
Turkmenistan,TKM,2009,13
Turkmenistan,TKM,2010,15
Turkmenistan,TKM,2011,13
Turkmenistan,TKM,2012,15
Turkmenistan,TKM,2013,16
Turkmenistan,TKM,2014,13
Turkmenistan,TKM,2015,11
Turkmenistan,TKM,2016,10
Turkmenistan,TKM,2017,9.5
Turkmenistan,TKM,2018,10
Turkmenistan,TKM,2019,9.9
Turkmenistan,TKM,2020,11
Tuvalu,TUV,2013,0
Tuvalu,TUV,2014,0
Tuvalu,TUV,2015,0
Tuvalu,TUV,2016,0
Tuvalu,TUV,2018,0
Tuvalu,TUV,2019,0
Tuvalu,TUV,2020,0
Uganda,UGA,2000,182
Uganda,UGA,2001,158
Uganda,UGA,2002,141
Uganda,UGA,2003,129
Uganda,UGA,2004,121
Uganda,UGA,2005,118
Uganda,UGA,2006,118
Uganda,UGA,2007,118
Uganda,UGA,2008,129
Uganda,UGA,2009,120
Uganda,UGA,2010,113
Uganda,UGA,2011,109
Uganda,UGA,2012,103
Uganda,UGA,2013,97
Uganda,UGA,2014,90
Uganda,UGA,2015,85
Uganda,UGA,2016,87
Uganda,UGA,2017,80
Uganda,UGA,2018,81
Uganda,UGA,2019,78
Uganda,UGA,2020,65
Ukraine,UKR,2000,16
Ukraine,UKR,2001,15
Ukraine,UKR,2002,15
Ukraine,UKR,2003,15
Ukraine,UKR,2004,15
Ukraine,UKR,2005,16
Ukraine,UKR,2006,17
Ukraine,UKR,2007,8.4
Ukraine,UKR,2008,11
Ukraine,UKR,2009,13
Ukraine,UKR,2010,18
Ukraine,UKR,2011,14
Ukraine,UKR,2012,14
Ukraine,UKR,2013,19
Ukraine,UKR,2014,18
Ukraine,UKR,2015,20
Ukraine,UKR,2016,18
Ukraine,UKR,2017,19
Ukraine,UKR,2018,18
Ukraine,UKR,2019,18
Ukraine,UKR,2020,16
United Arab Emirates,ARE,2000,0.17
United Arab Emirates,ARE,2001,0.09
United Arab Emirates,ARE,2002,0.1
United Arab Emirates,ARE,2003,0.1
United Arab Emirates,ARE,2004,0.06
United Arab Emirates,ARE,2005,0.05
United Arab Emirates,ARE,2006,0.03
United Arab Emirates,ARE,2007,0.02
United Arab Emirates,ARE,2008,0.02
United Arab Emirates,ARE,2009,0
United Arab Emirates,ARE,2010,0.08
United Arab Emirates,ARE,2011,0.05
United Arab Emirates,ARE,2012,0.08
United Arab Emirates,ARE,2013,0.04
United Arab Emirates,ARE,2014,0.04
United Arab Emirates,ARE,2015,0.03
United Arab Emirates,ARE,2016,0.07
United Arab Emirates,ARE,2017,0.07
United Arab Emirates,ARE,2018,0.03
United Arab Emirates,ARE,2019,0
United Arab Emirates,ARE,2020,0.05
United Kingdom,GBR,2000,1.3
United Kingdom,GBR,2001,1.2
United Kingdom,GBR,2002,1.3
United Kingdom,GBR,2003,1.2
United Kingdom,GBR,2004,1
United Kingdom,GBR,2005,1
United Kingdom,GBR,2006,0.86
United Kingdom,GBR,2007,0.69
United Kingdom,GBR,2008,0.67
United Kingdom,GBR,2009,0.64
United Kingdom,GBR,2010,0.61
United Kingdom,GBR,2011,0.62
United Kingdom,GBR,2012,0.57
United Kingdom,GBR,2013,0.49
United Kingdom,GBR,2014,0.39
United Kingdom,GBR,2015,0.33
United Kingdom,GBR,2016,0.33
United Kingdom,GBR,2017,0.26
United Kingdom,GBR,2018,0.23
United Kingdom,GBR,2019,0.28
United Kingdom,GBR,2020,0.24
United States,USA,2000,1.6
United States,USA,2001,1.5
United States,USA,2002,1.3
United States,USA,2003,1.1
United States,USA,2004,0.97
United States,USA,2005,0.8
United States,USA,2006,0.66
United States,USA,2007,0.54
United States,USA,2008,0.49
United States,USA,2009,0.43
United States,USA,2010,0.35
United States,USA,2011,0.3
United States,USA,2012,0.27
United States,USA,2013,0.22
United States,USA,2014,0.2
United States,USA,2015,0.18
United States,USA,2016,0.18
United States,USA,2017,0.16
United States,USA,2018,0.15
United States,USA,2019,0.14
United States,USA,2020,0.11
Upper-middle-income,,2000,18
Upper-middle-income,,2001,19
Upper-middle-income,,2002,19
Upper-middle-income,,2003,21
Upper-middle-income,,2004,22
Upper-middle-income,,2005,23
Upper-middle-income,,2006,23
Upper-middle-income,,2007,24
Upper-middle-income,,2008,24
Upper-middle-income,,2009,23
Upper-middle-income,,2010,22
Upper-middle-income,,2011,21
Upper-middle-income,,2012,20
Upper-middle-income,,2013,19
Upper-middle-income,,2014,18
Upper-middle-income,,2015,16
Upper-middle-income,,2016,14
Upper-middle-income,,2017,13
Upper-middle-income,,2018,12
Upper-middle-income,,2019,11
Upper-middle-income,,2020,12
Uruguay,URY,2000,3.3
Uruguay,URY,2001,3.5
Uruguay,URY,2002,2.6
Uruguay,URY,2003,2.8
Uruguay,URY,2004,4.1
Uruguay,URY,2005,2.8
Uruguay,URY,2006,2.9
Uruguay,URY,2007,3.2
Uruguay,URY,2008,3.5
Uruguay,URY,2009,4
Uruguay,URY,2010,4
Uruguay,URY,2011,4
Uruguay,URY,2012,4.5
Uruguay,URY,2013,4.3
Uruguay,URY,2014,4.8
Uruguay,URY,2015,4.8
Uruguay,URY,2016,4.6
Uruguay,URY,2017,4.8
Uruguay,URY,2018,5.5
Uruguay,URY,2019,4.8
Uruguay,URY,2020,4.4
Uzbekistan,UZB,2000,0.28
Uzbekistan,UZB,2001,0.25
Uzbekistan,UZB,2002,0.3
Uzbekistan,UZB,2003,0.45
Uzbekistan,UZB,2004,0.52
Uzbekistan,UZB,2005,0.49
Uzbekistan,UZB,2006,0.74
Uzbekistan,UZB,2007,1.3
Uzbekistan,UZB,2008,1.3
Uzbekistan,UZB,2009,1.7
Uzbekistan,UZB,2010,2
Uzbekistan,UZB,2011,3.2
Uzbekistan,UZB,2012,4.4
Uzbekistan,UZB,2013,3.8
Uzbekistan,UZB,2014,2.9
Uzbekistan,UZB,2015,5.1
Uzbekistan,UZB,2016,3.1
Uzbekistan,UZB,2017,4.1
Uzbekistan,UZB,2018,3.1
Uzbekistan,UZB,2019,2.7
Uzbekistan,UZB,2020,2.1
Vanuatu,VUT,2009,29
Vanuatu,VUT,2010,28
Vanuatu,VUT,2017,0
Vanuatu,VUT,2018,0
Vanuatu,VUT,2019,0
Vanuatu,VUT,2020,0
Venezuela,VEN,2000,7.2
Venezuela,VEN,2001,6.9
Venezuela,VEN,2002,6.6
Venezuela,VEN,2003,6.7
Venezuela,VEN,2004,6.2
Venezuela,VEN,2005,5.5
Venezuela,VEN,2006,4.6
Venezuela,VEN,2007,3.8
Venezuela,VEN,2008,3.3
Venezuela,VEN,2009,2.9
Venezuela,VEN,2010,2.6
Venezuela,VEN,2011,3.4
Venezuela,VEN,2012,3.2
Venezuela,VEN,2013,3.1
Venezuela,VEN,2014,2.8
Venezuela,VEN,2015,3.2
Venezuela,VEN,2016,3.9
Venezuela,VEN,2017,3.7
Venezuela,VEN,2018,3.8
Venezuela,VEN,2019,3.5
Venezuela,VEN,2020,3.5
Vietnam,VNM,2000,19
Vietnam,VNM,2001,17
Vietnam,VNM,2002,15
Vietnam,VNM,2003,15
Vietnam,VNM,2004,15
Vietnam,VNM,2005,15
Vietnam,VNM,2006,16
Vietnam,VNM,2007,11
Vietnam,VNM,2008,9.2
Vietnam,VNM,2009,17
Vietnam,VNM,2010,16
Vietnam,VNM,2011,16
Vietnam,VNM,2012,15
Vietnam,VNM,2013,13
Vietnam,VNM,2014,11
Vietnam,VNM,2015,8.5
Vietnam,VNM,2016,6.4
Vietnam,VNM,2017,6.9
Vietnam,VNM,2018,6.2
Vietnam,VNM,2019,5.8
Vietnam,VNM,2020,5.8
Western Pacific,,2000,3.3
Western Pacific,,2001,2.9
Western Pacific,,2002,2.6
Western Pacific,,2003,2.5
Western Pacific,,2004,2.4
Western Pacific,,2005,2.6
Western Pacific,,2006,2.7
Western Pacific,,2007,2.4
Western Pacific,,2008,2.3
Western Pacific,,2009,2.7
Western Pacific,,2010,2.6
Western Pacific,,2011,2.6
Western Pacific,,2012,2.6
Western Pacific,,2013,2.5
Western Pacific,,2014,2.3
Western Pacific,,2015,2.1
Western Pacific,,2016,2
Western Pacific,,2017,2
Western Pacific,,2018,2
Western Pacific,,2019,2
Western Pacific,,2020,1.9
World,OWID_WRL,2000,29
World,OWID_WRL,2001,27
World,OWID_WRL,2002,25
World,OWID_WRL,2003,25
World,OWID_WRL,2004,24
World,OWID_WRL,2005,24
World,OWID_WRL,2006,25
World,OWID_WRL,2007,24
World,OWID_WRL,2008,24
World,OWID_WRL,2009,23
World,OWID_WRL,2010,22
World,OWID_WRL,2011,21
World,OWID_WRL,2012,20
World,OWID_WRL,2013,18
World,OWID_WRL,2014,17
World,OWID_WRL,2015,15
World,OWID_WRL,2016,14
World,OWID_WRL,2017,13
World,OWID_WRL,2018,12
World,OWID_WRL,2019,11
World,OWID_WRL,2020,10
Yemen,YEM,2000,0.8
Yemen,YEM,2001,0.64
Yemen,YEM,2002,0.53
Yemen,YEM,2003,0.46
Yemen,YEM,2004,0.42
Yemen,YEM,2005,0.41
Yemen,YEM,2006,0.41
Yemen,YEM,2007,0.41
Yemen,YEM,2008,0.39
Yemen,YEM,2009,0.38
Yemen,YEM,2010,0.37
Yemen,YEM,2011,0.37
Yemen,YEM,2012,0.38
Yemen,YEM,2013,0.38
Yemen,YEM,2014,0.37
Yemen,YEM,2015,0.36
Yemen,YEM,2016,0.35
Yemen,YEM,2017,0.35
Yemen,YEM,2018,0.35
Yemen,YEM,2019,0.35
Yemen,YEM,2020,0.35
Zambia,ZMB,2000,611
Zambia,ZMB,2001,552
Zambia,ZMB,2002,505
Zambia,ZMB,2003,467
Zambia,ZMB,2004,438
Zambia,ZMB,2005,420
Zambia,ZMB,2006,408
Zambia,ZMB,2007,397
Zambia,ZMB,2008,363
Zambia,ZMB,2009,347
Zambia,ZMB,2010,323
Zambia,ZMB,2011,305
Zambia,ZMB,2012,280
Zambia,ZMB,2013,270
Zambia,ZMB,2014,247
Zambia,ZMB,2015,234
Zambia,ZMB,2016,217
Zambia,ZMB,2017,212
Zambia,ZMB,2018,205
Zambia,ZMB,2019,154
Zambia,ZMB,2020,125
Zimbabwe,ZWE,2000,449
Zimbabwe,ZWE,2001,450
Zimbabwe,ZWE,2002,442
Zimbabwe,ZWE,2003,436
Zimbabwe,ZWE,2004,426
Zimbabwe,ZWE,2005,410
Zimbabwe,ZWE,2006,393
Zimbabwe,ZWE,2007,373
Zimbabwe,ZWE,2008,351
Zimbabwe,ZWE,2009,353
Zimbabwe,ZWE,2010,322
Zimbabwe,ZWE,2011,286
Zimbabwe,ZWE,2012,258
Zimbabwe,ZWE,2013,216
Zimbabwe,ZWE,2014,188
Zimbabwe,ZWE,2015,168
Zimbabwe,ZWE,2016,151
Zimbabwe,ZWE,2017,140
Zimbabwe,ZWE,2018,130
Zimbabwe,ZWE,2019,119
Zimbabwe,ZWE,2020,104